task_id,codes,source
M001_c00:0,OT,agreed
M001_c00:1,OT,agreed
M001_c00:2,OT,agreed
M001_c00:3,OT,adjudicated
M001_c00:4,AO,adjudicated
M001_c00:6,OT,agreed
M001_c01:0,AO,adjudicated
M001_c01:1,OT,agreed
M001_c02:1,AO,agreed
M001_c02:10,AO,agreed
M001_c02:3,AO,agreed
M001_c02:6,AO+PE,adjudicated
M001_c02:7,AO,agreed
M001_c02:8,AO,agreed
M001_c02:9,AO,agreed
M001_c03:3,AO,agreed
M001_c03:5,OT,agreed
M001_c04:1,OT,adjudicated
M004_c00:1,OT,agreed
M004_c00:2,OT,agreed
M004_c00:4,OT,agreed
M004_c00:5,OT,agreed
M004_c00:6,AO,agreed
M004_c00:7,AO,agreed
M004_c01:10,OT,agreed
M004_c01:11,OT,agreed
M004_c01:6,AO,agreed
M004_c01:7,OT,adjudicated
M004_c01:8,OT,adjudicated
M004_c02:1,OT,agreed
M004_c02:11,AO,agreed
M004_c02:12,AO,agreed
M004_c02:2,AO,agreed
M004_c02:4,AO,agreed
M004_c02:5,OT,agreed
M004_c02:6,OT,agreed
M004_c02:7,OT,agreed
M004_c02:8,OT,agreed
M004_c02:9,OT,agreed
M004_c03:10,AO,agreed
M004_c03:12,AO,agreed
M004_c03:2,AO,agreed
M004_c03:3,AO,agreed
M004_c03:4,AO,agreed
M004_c03:5,AO,agreed
M004_c03:6,AO,agreed
M004_c03:8,AO,agreed
M004_c03:9,AO,agreed
M004_c04:1,OT,agreed
M004_c04:2,AO,agreed
M004_c04:3,OT,agreed
M004_c05:0,AO,agreed
M004_c05:1,OT,agreed
M010_c00:0,OT,agreed
M010_c00:1,OT,agreed
M010_c00:2,OT,agreed
M010_c00:3,OT,agreed
M010_c00:4,OT,agreed
M010_c00:5,OT,agreed
M010_c00:6,OT,agreed
M010_c02:0,OT,agreed
M010_c02:1,OT,agreed
M010_c02:2,OT,agreed
M010_c02:3,OT,agreed
M010_c02:4,OT,agreed
M010_c03:0,OT,agreed
M010_c03:1,OT,agreed
M010_c03:3,OT,agreed
M010_c03:4,OT,agreed
M010_c03:6,OT,agreed
M010_c04:0,OT,agreed
M010_c04:1,OT,agreed
M010_c04:3,OT,agreed
M010_c04:4,OT,agreed
M010_c04:5,OT,agreed
M010_c04:6,PE,adjudicated
M010_c05:0,OT,adjudicated
M010_c05:1,OT,agreed
M010_c05:3,OT,agreed
M010_c05:5,OT,agreed
M010_c06:2,OT,adjudicated
M010_c06:3,OT,adjudicated
M010_c07:1,OT,agreed
M010_c07:3,OT,agreed
M010_c07:4,OT,agreed
M014_c00:0,OT,agreed
M014_c00:2,OT,agreed
M014_c00:4,OT,agreed
M014_c00:5,OT,agreed
M014_c01:1,OT,agreed
M014_c01:2,OT,agreed
M014_c01:3,OT,agreed
M014_c01:4,OT,agreed
M014_c01:5,OT,agreed
M014_c02:1,OT,agreed
M014_c02:10,OT,agreed
M014_c02:13,OT,agreed
M014_c02:2,OT,agreed
M014_c02:3,AO,agreed
M014_c02:4,AO,adjudicated
M014_c02:6,OT,adjudicated
M014_c02:7,OT,agreed
M014_c02:9,OT,agreed
M014_c03:0,OT,agreed
M014_c03:3,OT,agreed
M014_c03:4,OT,agreed
M014_c03:5,OT,agreed
M014_c03:7,PE,adjudicated
M014_c03:8,OT,agreed
M014_c04:0,OT,agreed
M014_c04:2,OT,agreed
M014_c04:3,OT,agreed
M014_c04:4,OT,agreed
M014_c04:5,OT,agreed
M014_c04:6,OT,agreed
M014_c04:7,OT,agreed
M014_c04:8,OT,agreed
M014_c05:1,OT,agreed
M014_c05:3,OT,agreed
M014_c05:4,OT,agreed
M016_c00:0,OT,agreed
M016_c00:1,OT,agreed
M016_c00:3,OT,agreed
M016_c01:0,OT,agreed
M016_c01:1,OT,agreed
M016_c01:10,OT,agreed
M016_c01:4,OT,agreed
M016_c01:5,OT,agreed
M016_c01:6,OT,agreed
M016_c01:7,OT,agreed
M016_c01:9,OT,agreed
M016_c02:10,OT,agreed
M016_c02:11,OT,adjudicated
M016_c02:12,OT,adjudicated
M016_c02:13,PE,adjudicated
M016_c02:14,OT,agreed
M016_c02:2,OT,agreed
M016_c02:3,OT,agreed
M016_c02:4,OT,agreed
M016_c02:8,OT,agreed
M016_c02:9,OT,agreed
M016_c03:6,PV,adjudicated
M016_c04:0,OT,agreed
M016_c04:1,OT,agreed
M016_c04:3,OT,agreed
M016_c04:7,OT,agreed
M016_c05:0,OT,agreed
M017_c00:0,OT,agreed
M017_c00:3,OT,agreed
M017_c00:4,OT,agreed
M017_c00:5,OT,agreed
M017_c01:0,OT,agreed
M017_c01:1,OT,agreed
M017_c01:2,OT,agreed
M017_c01:3,OT,agreed
M017_c01:4,OT,agreed
M017_c01:6,OT,agreed
M017_c01:7,OT,agreed
M017_c01:8,OT,agreed
M017_c02:1,OT,agreed
M017_c02:2,OT,agreed
M017_c02:4,OT,agreed
M017_c02:5,OT,agreed
M017_c03:0,OT,agreed
M017_c03:4,OT,agreed
M017_c04:0,OT,agreed
M017_c04:1,OT,agreed
M017_c04:11,OT,agreed
M017_c04:2,OT,adjudicated
M017_c04:3,OT,adjudicated
M017_c04:4,OT,adjudicated
M017_c04:5,OT,agreed
M017_c04:6,OT,agreed
M017_c04:7,OT,adjudicated
M017_c04:8,OT,agreed
M017_c05:1,OT,agreed
M017_c05:2,OT,agreed
M017_c05:3,OT,agreed
M017_c05:4,OT,agreed
M017_c06:2,OT,agreed
M017_c06:3,OT,agreed
M017_c07:0,OT,agreed
M017_c07:1,OT,agreed
M017_c07:3,OT,adjudicated
M017_c07:4,OT,agreed
M017_c07:5,AO,adjudicated
M017_c08:0,OT,agreed
M017_c08:1,OT,agreed
M017_c08:3,OT,agreed
M017_c08:5,OT,agreed
M017_c08:7,OT,agreed
M017_c08:8,OT,agreed
M017_c09:0,OT,agreed
M017_c09:1,OT,agreed
M017_c09:4,OT,agreed
M017_c09:6,OT,agreed
M017_c10:0,OT,agreed
M017_c10:1,OT,adjudicated
M018_c00:3,OT,agreed
M018_c00:4,AO,agreed
M018_c00:6,OT,agreed
M018_c01:1,OT,agreed
M018_c01:3,OT,agreed
M018_c01:4,OT,agreed
M018_c01:7,OT,agreed
M018_c01:8,OT,agreed
M018_c02:1,OT,agreed
M018_c02:3,OT,agreed
M018_c03:0,OT,agreed
M018_c04:1,OT,agreed
M018_c07:0,OT,agreed
M021_c00:0,OT,agreed
M021_c00:1,PE,adjudicated
M021_c00:11,OT,agreed
M021_c00:13,OT,agreed
M021_c00:2,OT,agreed
M021_c00:3,OT,agreed
M021_c00:4,OT,agreed
M021_c00:6,OT,adjudicated
M021_c00:7,PE,adjudicated
M021_c01:0,AO,adjudicated
M021_c01:1,OT,agreed
M021_c01:2,OT,agreed
M021_c01:4,OT,agreed
M021_c01:5,AO,agreed
M021_c02:0,OT,agreed
M021_c02:1,OT,adjudicated
M021_c02:2,OT,agreed
M021_c02:3,AO,agreed
M021_c02:4,AO,agreed
M021_c02:5,OT,agreed
M021_c03:0,AO,adjudicated
M021_c03:2,PE,agreed
M023_c00:1,OT,agreed
M023_c00:2,OT,agreed
M023_c00:3,OT,agreed
M023_c00:5,OT,agreed
M023_c00:6,OT,agreed
M023_c00:8,OT,agreed
M023_c01:1,OT,agreed
M023_c01:10,OT,agreed
M023_c01:11,OT,agreed
M023_c01:2,OT,agreed
M023_c01:3,OT,agreed
M023_c01:5,PE,agreed
M023_c01:6,OT,adjudicated
M023_c01:7,OT,agreed
M023_c01:8,OT,agreed
M023_c01:9,OT,agreed
M023_c02:0,OT,agreed
M023_c02:1,OT,agreed
M023_c02:10,AO,agreed
M023_c02:2,AO,adjudicated
M023_c02:4,OT,agreed
M023_c02:5,OT,agreed
M023_c02:6,OT,agreed
M023_c02:7,OT,agreed
M023_c02:8,OT,agreed
M023_c03:0,OT,adjudicated
M023_c03:1,AO,agreed
M023_c03:2,OT,agreed
M023_c04:0,AO,adjudicated
M023_c04:3,OT,agreed
M023_c05:1,OT,agreed
M023_c05:2,OT,agreed
M023_c05:3,OT,agreed
M023_c06:1,OT,agreed
M023_c06:2,OT,agreed
M023_c06:3,OT,agreed
M023_c06:4,OT,agreed
M023_c06:5,OT,agreed
M024_c00:0,OT,agreed
M024_c00:1,OT,agreed
M024_c00:2,OT,agreed
M024_c00:3,OT,agreed
M024_c00:4,OT,agreed
M024_c00:5,OT,agreed
M024_c01:1,OT,agreed
M024_c01:2,OT,agreed
M024_c01:4,OT,agreed
M024_c01:5,OT,agreed
M024_c02:1,OT,agreed
M024_c02:2,OT,agreed
M024_c02:3,OT,agreed
M024_c02:4,OT,agreed
M024_c02:5,OT,agreed
M024_c02:6,OT,agreed
M024_c03:0,OT,agreed
M024_c03:1,OT,agreed
M024_c03:3,OT,agreed
M024_c03:4,OT,agreed
M024_c04:0,OT,agreed
M024_c04:3,OT,agreed
M024_c04:4,OT,agreed
M024_c04:5,OT,agreed
M024_c04:6,AO,agreed
M024_c04:7,OT,agreed
M024_c04:8,OT,agreed
M024_c05:0,OT,agreed
M024_c05:1,OT,agreed
M024_c05:2,OT,agreed
M024_c05:6,OT,agreed
M024_c05:7,OT,agreed
M024_c06:2,AO,adjudicated
M024_c06:4,PE,agreed
M024_c06:6,OT,agreed
M024_c07:0,OT,agreed
M024_c07:1,OT,agreed
M024_c07:2,OT,agreed
M024_c07:3,OT,agreed
M028_c00:0,OT,agreed
M028_c00:2,OT,agreed
M028_c00:5,OT,agreed
M028_c00:6,OT,agreed
M028_c00:7,OT,agreed
M028_c01:0,OT,agreed
M028_c03:2,OT,agreed
M030_c00:0,AO,adjudicated
M030_c00:1,PE,agreed
M030_c00:2,OT,adjudicated
M030_c00:3,PE,agreed
M030_c00:4,OT,agreed
M030_c01:1,OT,agreed
M030_c01:2,PE,agreed
M030_c01:3,PE,agreed
M030_c01:5,AO,adjudicated
M030_c01:6,AO,agreed
M030_c01:8,OT,agreed
M030_c02:0,OT,agreed
M040_c00:4,OT,agreed
M040_c00:6,AO,agreed
M040_c00:7,OT,agreed
M040_c01:0,OT,adjudicated
M040_c01:2,AO,agreed
M040_c01:3,OT,agreed
M040_c01:4,OT,agreed
M040_c01:5,OT,agreed
M040_c01:6,OT,agreed
M040_c01:7,OT,agreed
M040_c01:9,AO,agreed
M040_c02:2,OT,agreed
M040_c02:3,OT,agreed
M040_c02:5,OT,agreed
M040_c02:7,OT,agreed
M040_c03:0,OT,agreed
M040_c03:2,AO,adjudicated
M040_c03:4,OT,agreed
M040_c03:6,AO,adjudicated
M040_c03:8,OT,agreed
M040_c03:9,OT,agreed
M040_c04:0,OT,agreed
M040_c04:2,OT,agreed
M040_c04:4,AO,adjudicated
M040_c04:5,OT,adjudicated
M040_c04:6,OT,agreed
M040_c04:8,OT,agreed
M040_c05:0,OT,agreed
M040_c05:1,OT,agreed
M040_c05:10,OT,agreed
M040_c05:2,OT,agreed
M040_c05:3,OT,agreed
M040_c05:4,OT,agreed
M040_c05:5,OT,agreed
M040_c05:6,OT,agreed
M040_c05:7,OT,agreed
M040_c05:8,OT,agreed
M040_c05:9,OT,agreed
M040_c06:0,AO,adjudicated
M040_c06:1,OT,agreed
M040_c06:3,OT,agreed
M040_c06:4,OT,agreed
M040_c06:7,OT,agreed
M040_c07:0,OT,agreed
M040_c07:4,AO,adjudicated
M040_c07:5,OT,adjudicated
M040_c07:8,OT,agreed
M040_c07:9,OT,agreed
M040_c08:0,OT,agreed
M040_c08:1,OT,agreed
M040_c08:2,OT,agreed
M040_c09:2,OT,agreed
M046_c00:4,OT,agreed
M046_c01:0,OT,agreed
M046_c01:1,OT,agreed
M046_c01:10,OT,agreed
M046_c01:11,OT,agreed
M046_c01:3,OT,agreed
M046_c01:5,OT,agreed
M046_c01:7,OT,agreed
M046_c01:8,OT,agreed
M046_c01:9,OT,agreed
M046_c02:10,PE,agreed
M046_c02:3,AO,adjudicated
M046_c02:4,AO,adjudicated
M046_c02:5,OT,agreed
M046_c02:7,OT,agreed
M046_c02:9,OT,agreed
M046_c03:0,OT,agreed
M046_c03:1,OT,agreed
M046_c03:2,OT,agreed
M046_c03:6,OT,agreed
M048_c00:1,OT,agreed
M048_c01:0,OT,agreed
M048_c01:2,OT,agreed
M048_c01:3,OT,adjudicated
M048_c02:0,AO,agreed
M048_c02:1,AO,adjudicated
M048_c02:4,OT,agreed
M048_c02:5,OT,agreed
M048_c03:2,AO,adjudicated
M048_c03:4,OT,agreed
M048_c03:5,OT,agreed
M048_c03:6,OT,agreed
M048_c04:1,AO,adjudicated
M048_c04:3,AO,agreed
M048_c04:5,AO,agreed
M048_c04:6,OT,agreed
M048_c04:7,OT,agreed
M048_c05:0,AO,agreed
M050_c00:0,OT,agreed
M050_c00:4,OT,agreed
M050_c00:6,OT,agreed
M050_c01:10,OT,agreed
M050_c01:2,OT,agreed
M050_c01:4,OT,agreed
M050_c01:5,OT,agreed
M050_c01:6,OT,agreed
M050_c01:9,OT,agreed
M050_c02:0,OT,agreed
M050_c02:1,OT,agreed
M050_c02:3,OT,agreed
M050_c03:0,OT,agreed
M050_c03:4,OT,agreed
M050_c03:5,OT,adjudicated
M050_c03:7,OT,agreed
M050_c03:8,OT,agreed
M050_c04:1,OT,agreed
M050_c04:2,OT,agreed
M052_c00:0,OT,agreed
M052_c00:1,OT,agreed
M052_c00:3,OT,agreed
M052_c00:7,OT,agreed
M052_c00:8,OT,agreed
M052_c01:0,OT,adjudicated
M052_c02:2,OT,adjudicated
M052_c02:3,OT,agreed
M052_c03:0,OT,agreed
M052_c03:1,AO,agreed
M052_c03:2,OT,agreed
M056_c00:1,OT,agreed
M056_c00:3,OT,agreed
M056_c02:0,OT,agreed
M056_c02:1,OT,agreed
M056_c02:2,OT,agreed
M059_c00:0,OT,agreed
M059_c00:1,OT,agreed
M059_c00:2,OT,agreed
M059_c00:3,OT,agreed
M059_c00:4,OT,agreed
M059_c00:5,OT,agreed
M059_c01:0,OT,agreed
M059_c01:2,OT,agreed
M059_c01:3,AO,agreed
M059_c01:7,OT,agreed
M059_c02:10,OT,agreed
M059_c02:11,PE,agreed
M059_c02:3,OT,agreed
M059_c02:5,OT,adjudicated
M059_c02:6,OT,agreed
M059_c02:7,OT,agreed
M059_c02:9,OT,agreed
M059_c03:1,OT,agreed
M059_c03:2,AO,adjudicated
M059_c03:4,OT,agreed
M059_c03:5,OT,agreed
M059_c04:11,AO,adjudicated
M059_c04:2,AO,adjudicated
M059_c04:4,AO,adjudicated
M059_c04:5,OT,agreed
M059_c04:6,OT,agreed
M059_c04:9,OT,agreed
M059_c05:10,OT,agreed
M059_c05:3,OT,agreed
M059_c05:4,OT,agreed
M059_c05:5,OT,agreed
M059_c05:7,OT,agreed
M059_c05:8,OT,agreed
M059_c05:9,OT,agreed
M059_c06:0,AO,agreed
M059_c06:1,AO,agreed
M059_c06:2,PE,agreed
M059_c06:3,OT,agreed
M059_c06:4,OT,agreed
M059_c07:2,OT,agreed
M059_c07:7,OT,agreed
M059_c07:8,OT,agreed
M059_c07:9,OT,agreed
M059_c08:0,OT,agreed
M059_c08:2,OT,agreed
M059_c08:3,OT,agreed
M059_c08:5,OT,agreed
M059_c08:7,OT,agreed
M060_c00:2,OT,agreed
M061_c00:0,OT,agreed
M061_c00:3,OT,agreed
M064_c00:0,OT,agreed
M064_c00:1,OT,agreed
M064_c00:2,OT,agreed
M064_c00:3,OT,agreed
M064_c00:4,OT,agreed
M064_c00:6,OT,agreed
M064_c00:7,OT,agreed
M064_c01:0,OT,agreed
M064_c01:1,OT,agreed
M064_c01:2,PE,adjudicated
M064_c01:4,OT,agreed
M064_c02:0,OT,agreed
M064_c02:1,OT,agreed
M064_c02:2,OT,agreed
M064_c02:3,OT,adjudicated
M064_c02:4,AO,adjudicated
M064_c02:5,OT,agreed
M064_c03:2,OT,agreed
M064_c06:0,OT,agreed
M064_c06:3,OT,agreed
M065_c00:3,OT,agreed
M065_c01:0,OT,agreed
M065_c01:1,OT,adjudicated
M065_c01:2,AO,adjudicated
M065_c01:3,OT,agreed
M065_c02:0,OT,agreed
M065_c02:1,OT,agreed
M065_c03:1,OT,agreed
M065_c03:2,OT,agreed
M065_c04:0,OT,agreed
M065_c04:1,OT,agreed
M065_c04:3,OT,agreed
M065_c04:4,OT,agreed
M065_c04:6,OT,agreed
M065_c05:3,OT,agreed
M065_c05:4,OT,agreed
M065_c05:5,OT,agreed
M065_c05:6,OT,agreed
M065_c06:0,OT,agreed
M065_c06:1,OT,agreed
M065_c06:2,PE,adjudicated
M065_c06:3,OT,agreed
M065_c06:7,AO,adjudicated
M065_c07:3,OT,agreed
M065_c07:4,OT,adjudicated
M072_c00:2,OT,agreed
M072_c00:4,OT,agreed
M072_c00:5,OT,agreed
M072_c00:6,OT,agreed
M072_c00:7,OT,agreed
M072_c00:8,OT,agreed
M072_c00:9,OT,agreed
M072_c01:10,OT,agreed
M072_c01:14,OT,agreed
M072_c01:2,OT,agreed
M072_c01:6,OT,agreed
M072_c01:7,AO,agreed
M072_c01:8,OT,adjudicated
M072_c02:1,AO,agreed
M072_c02:4,AO,agreed
M072_c02:5,OT,agreed
M072_c03:0,AO,agreed
M072_c04:0,OT,agreed
M072_c04:1,OT,agreed
M072_c04:2,OT,agreed
M072_c04:3,OT,agreed
M072_c05:1,AO,agreed
M072_c05:10,AO,agreed
M072_c05:11,OT,adjudicated
M072_c05:2,AO,agreed
M072_c05:3,AO,agreed
M072_c05:4,AO,adjudicated
M072_c05:5,OT,adjudicated
M072_c05:6,AO,adjudicated
M072_c05:7,OT,adjudicated
M072_c05:8,OT,agreed
M072_c06:1,OT,agreed
M072_c06:4,AO,agreed
M072_c06:5,OT,adjudicated
M072_c06:8,OT,agreed
M072_c07:1,AO,adjudicated
M072_c07:2,AO,adjudicated
M072_c07:3,AO,agreed
M072_c07:4,AO,agreed
M072_c07:5,AO,agreed
M072_c07:6,OT,adjudicated
M072_c07:7,AO,agreed
M072_c07:8,OT,agreed
M072_c08:0,OT,agreed
M072_c08:1,OT,agreed
M072_c08:10,OT,agreed
M072_c08:11,OT,agreed
M072_c08:12,OT,agreed
M072_c08:13,OT,agreed
M072_c08:14,OT,agreed
M072_c08:15,OT,agreed
M072_c08:3,OT,agreed
M072_c08:4,OT,agreed
M072_c08:5,OT,agreed
M072_c09:5,OT,adjudicated
M072_c09:6,OT,agreed
M072_c09:9,OT,agreed
M072_c11:0,OT,agreed
M072_c11:3,OT,agreed
M072_c11:4,OT,agreed
M072_c11:5,OT,agreed
M072_c11:7,OT,agreed
M072_c11:8,OT,agreed
M072_c12:0,OT,agreed
M072_c12:7,OT,agreed
M072_c13:0,OT,agreed
M072_c13:2,OT,agreed
M072_c13:3,OT,agreed
M072_c13:4,OT,agreed
M072_c14:1,OT,agreed
M072_c14:2,OT,agreed
M072_c14:4,OT,agreed
M072_c15:2,OT,agreed
M072_c15:3,OT,agreed
M072_c15:5,OT,agreed
M072_c16:1,OT,agreed
M072_c16:2,OT,agreed
M072_c16:3,OT,agreed
M072_c16:5,OT,agreed
M072_c17:1,OT,agreed
M072_c17:7,OT,agreed
M072_c18:2,OT,agreed
M072_c18:3,OT,agreed
M072_c18:4,OT,agreed
M072_c18:5,OT,agreed
M072_c18:8,OT,agreed
M072_c18:9,OT,agreed
M072_c19:1,OT,agreed
M073_c00:0,OT,agreed
M073_c00:1,AO,adjudicated
M073_c00:10,OT,agreed
M073_c00:11,AO,adjudicated
M073_c00:2,OT,adjudicated
M073_c00:3,OT,agreed
M073_c00:5,OT,agreed
M073_c00:6,AO,adjudicated
M073_c00:7,OT,agreed
M073_c00:8,AO,agreed
M073_c00:9,OT,agreed
M073_c01:0,AO,adjudicated
M073_c01:1,OT,adjudicated
M073_c01:10,AO,adjudicated
M073_c01:11,OT,adjudicated
M073_c01:12,AO,adjudicated
M073_c01:13,AO,adjudicated
M073_c01:14,OT,adjudicated
M073_c01:15,AO,agreed
M073_c01:18,AO,agreed
M073_c01:2,OT,agreed
M073_c01:20,OT,adjudicated
M073_c01:22,AO,agreed
M073_c01:23,OT,adjudicated
M073_c01:24,OT,adjudicated
M073_c01:3,OT,adjudicated
M073_c01:4,AO,adjudicated
M073_c01:6,OT,adjudicated
M073_c01:7,AO,adjudicated
M073_c01:8,AO,adjudicated
M073_c01:9,OT,adjudicated
M073_c02:10,OT,adjudicated
M073_c02:11,OT,adjudicated
M073_c02:13,AO,agreed
M073_c02:14,AO,agreed
M073_c02:15,AO,agreed
M073_c02:16,OT,adjudicated
M073_c02:4,AO,agreed
M073_c02:5,AO,adjudicated
M073_c02:6,AO,adjudicated
M073_c02:8,OT,agreed
M073_c02:9,AO,agreed
M073_c03:1,AO,agreed
M073_c03:10,AO,agreed
M073_c03:11,AO,adjudicated
M073_c03:13,AO,agreed
M073_c03:2,AO,agreed
M073_c03:3,OT,agreed
M073_c03:5,OT,agreed
M073_c03:6,PE,agreed
M073_c03:7,AO,adjudicated
M073_c03:9,AO,adjudicated
M073_c04:0,AO,agreed
M073_c04:10,AO,agreed
M073_c04:7,OT,agreed
M073_c05:1,AO,agreed
M073_c05:3,AO,agreed
M073_c05:4,OT,agreed
M073_c05:5,OT,agreed
M073_c05:6,AO,adjudicated
M073_c05:7,AO,agreed
M073_c05:8,AO,agreed
M073_c06:1,AO,adjudicated
M073_c06:10,AO,adjudicated
M073_c06:11,AO,adjudicated
M073_c06:2,OT,agreed
M073_c06:5,AO,adjudicated
M073_c06:6,AO,agreed
M073_c06:7,AO,agreed
M073_c06:8,AO,agreed
M073_c07:0,OT,adjudicated
M073_c07:1,AO,adjudicated
M073_c07:11,AO,adjudicated
M073_c07:2,AO,adjudicated
M073_c07:3,OT,adjudicated
M073_c07:8,AO,agreed
M073_c08:0,OT,adjudicated
M073_c08:1,AO,agreed
M073_c08:10,AO,agreed
M073_c08:2,AO,adjudicated
M073_c08:4,OT,agreed
M073_c08:5,OT,adjudicated
M073_c08:6,AO,agreed
M073_c08:7,AO,agreed
M073_c08:8,OT,agreed
M073_c09:0,AO,adjudicated
M073_c09:11,OT,agreed
M073_c09:12,AO,adjudicated
M073_c09:13,OT,agreed
M073_c09:2,OT,agreed
M073_c09:4,OT,agreed
M073_c09:6,AO,agreed
M073_c09:9,OT,agreed
M076_c00:0,OT,agreed
M076_c00:1,OT,agreed
M076_c00:2,OT,agreed
M076_c00:3,OT,agreed
M076_c00:4,OT,agreed
M076_c00:5,OT,agreed
M076_c00:6,OT,agreed
M076_c01:0,OT,agreed
M076_c02:1,OT,agreed
M076_c02:2,OT,agreed
M076_c02:3,OT,agreed
M076_c02:4,OT,agreed
M076_c03:1,OT,agreed
M081_c00:0,OT,agreed
M081_c00:1,OT,agreed
M081_c00:2,AO,adjudicated
M081_c00:3,OT,agreed
M081_c00:4,OT,agreed
M081_c01:0,OT,agreed
M081_c01:1,OT,agreed
M081_c01:2,OT,agreed
M084_c00:0,AO,adjudicated
M084_c00:1,OT,agreed
M084_c00:2,AO,adjudicated
M084_c00:3,AO,adjudicated
M084_c01:1,AO,adjudicated
M084_c01:2,PE,agreed
M084_c01:6,PE,agreed
M084_c02:0,OT,agreed
M084_c02:2,OT,agreed
M084_c02:3,OT,agreed
M084_c02:5,OT,agreed
M084_c02:7,OT,agreed
M086_c01:1,OT,agreed
M086_c02:1,OT,agreed
M086_c02:2,OT,agreed
M088_c00:1,OT,agreed
M088_c01:0,OT,agreed
M088_c01:1,OT,agreed
M088_c01:2,OT,agreed
M041_p01:0,AO,agreed
M041_p01:1,AO,agreed
M041_p01:2,AO,agreed
M041_p01:3,OT,adjudicated
M041_p02:0,AO,agreed
M041_p02:1,OT,agreed
M041_p02:2,OT,agreed
M041_p03:0,OT,agreed
M041_p03:1,OT,agreed
M041_p03:2,OT,agreed
M041_p03:3,AO,agreed
M041_p03:4,OT,adjudicated
M041_p03:5,OT,agreed
M041_p03:6,AO,agreed
M041_p03:7,AO,agreed
M041_p04:4,AO,agreed
M041_p04:5,OT,agreed
M041_p05:1,OT,agreed
M041_p05:3,OT,agreed
M041_p05:5,OT,adjudicated
M053_p00:2,OT,agreed
M053_p01:1,OT,agreed
M053_p01:4,OT,agreed
M053_p01:6,OT,agreed
M053_p02:1,OT,agreed
M053_p02:5,OT,agreed
M053_p03:0,OT,agreed
M053_p03:1,OT,agreed
M053_p03:4,OT,agreed
M053_p03:5,OT,agreed
M053_p03:6,OT,agreed
M053_p04:0,AO,agreed
M053_p04:2,PE,agreed
M053_p04:3,AO,agreed
M053_p05:1,OT,agreed
M053_p05:2,PE,agreed
M053_p05:3,OT,agreed
M053_p06:0,OT,agreed
M054_p01:0,OT,agreed
M054_p01:1,OT,agreed
M054_p02:0,OT,agreed
M054_p02:2,AO,agreed
M054_p03:10,AO,agreed
M054_p03:3,OT,agreed
M054_p03:5,OT,agreed
M054_p03:6,PE,agreed
M054_p03:9,OT,adjudicated
M054_p05:0,OT,agreed
M054_p05:2,OT,agreed
M054_p05:3,OT,agreed
M054_p06:1,OT,agreed
M054_p06:2,OT,agreed
M054_p06:4,AO,adjudicated
M054_p07:0,OT,agreed
M054_p08:0,OT,agreed
M054_p08:1,OT,agreed
M067_p01:3,PV,agreed
M067_p01:4,OT,adjudicated
M067_p01:8,OT,agreed
M067_p01:9,OT,agreed
M067_p02:4,OT,agreed
M067_p02:6,OT,agreed
M067_p02:7,OT,agreed
M067_p03:1,AO,agreed
M067_p03:3,AO,adjudicated
M067_p03:4,AO,agreed
M067_p03:8,AO,adjudicated
M067_p04:0,AO,agreed
M067_p04:1,AO,agreed
M067_p04:2,OT,agreed
M067_p04:5,OT,agreed
M067_p04:6,OT,agreed
M067_p06:0,OT,agreed
M067_p06:1,OT,agreed
M067_p06:2,OT,agreed
M067_p06:3,OT,agreed
M067_p06:4,OT,agreed
M067_p06:5,OT,adjudicated
M067_p06:6,OT,agreed
M067_p06:7,OT,agreed
M067_p07:3,AO,agreed
M067_p07:4,OT,agreed
M067_p07:6,OT,agreed
M067_p07:8,OT,agreed
M067_p08:0,OT,agreed
M067_p08:11,OT,agreed
M067_p08:2,OT,agreed
M067_p08:6,OT,agreed
M067_p08:7,OT,agreed
M067_p09:0,OT,agreed
M067_p09:1,OT,agreed
