history,file,title,employer,snapshot_date,snapshot_url,original_url
devops,devops-1.txt,Distributed Systems Engineer,"3 other jobs

 Remember The Milk",2011-01-14,https://web.archive.org/web/20110114214237id_/http://jobs.github.com:80/positions/8c628512-1d3e-11e0-83d9-99a190b4faaa,http://jobs.github.com:80/positions/8c628512-1d3e-11e0-83d9-99a190b4faaa
devops,devops-2.txt,Systems Engineer,GoSquared,2011-02-20,https://web.archive.org/web/20110220124949id_/http://jobs.github.com/positions/9107e5b0-39e7-11e0-98ca-33a658515d15,http://jobs.github.com/positions/9107e5b0-39e7-11e0-98ca-33a658515d15
devops,devops-3.txt,Work by the Beach! Senior Linux Systems Engineer Wanted!,TRUECar,2011-05-14,https://web.archive.org/web/20110514162019id_/http://jobs.github.com:80/positions/609d54e8-7a77-11e0-9578-8d245d413258,http://jobs.github.com:80/positions/609d54e8-7a77-11e0-9578-8d245d413258
devops,devops-4.txt,Open Source Release Engineer - Cloud Foundry,"VMware, Inc.",2011-05-31,https://web.archive.org/web/20110531133701id_/http://jobs.github.com:80/positions/46bd1b50-88b2-11e0-93f4-25bc1536322e,http://jobs.github.com:80/positions/46bd1b50-88b2-11e0-93f4-25bc1536322e
devops,devops-5.txt,Yelp is hiring a Systems Administrator (Corp)!,"4 other jobs

 Yelp Inc.",2011-06-01,https://web.archive.org/web/20110601033821id_/http://jobs.github.com:80/positions/6e7605ce-8710-11e0-9211-3bdc458c80be,http://jobs.github.com:80/positions/6e7605ce-8710-11e0-9211-3bdc458c80be
devops,devops-6.txt,"DevOps Engineer - Chef, Rails, MySQL, Solr, Redis",Goldstar,2011-06-17,https://web.archive.org/web/20110617130058id_/http://jobs.github.com:80/positions/87110d58-95fd-11e0-827d-b519eedd71c6,http://jobs.github.com:80/positions/87110d58-95fd-11e0-827d-b519eedd71c6
devops,devops-7.txt,Data Operations Engineer,"2 other jobs

 Meetup",2011-06-19,https://web.archive.org/web/20110619090735id_/http://jobs.github.com:80/positions/50be970c-97a1-11e0-96a3-50f231a54c09,http://jobs.github.com:80/positions/50be970c-97a1-11e0-96a3-50f231a54c09
devops,devops-8.txt,Senior Systems Administrator,"2 other jobs

 Meetup",2011-06-20,https://web.archive.org/web/20110620213648id_/http://jobs.github.com:80/positions/f71f5c40-97a0-11e0-9ab4-2ae8749cda24,http://jobs.github.com:80/positions/f71f5c40-97a0-11e0-9ab4-2ae8749cda24
devops,devops-9.txt,DevOps Engineer,CrowdFlower,2011-06-27,https://web.archive.org/web/20110627093417id_/http://jobs.github.com:80/positions/84ff9b4e-9ec0-11e0-9ad6-aba2e8d94991,http://jobs.github.com:80/positions/84ff9b4e-9ec0-11e0-9ad6-aba2e8d94991
devops,devops-10.txt,Yelp is hiring a Release Engineer!,"2 other jobs

 Yelp Inc.",2011-06-27,https://web.archive.org/web/20110627093746id_/http://jobs.github.com:80/positions/15c4c45c-96b4-11e0-8dcf-e7bc121c7556,http://jobs.github.com:80/positions/15c4c45c-96b4-11e0-8dcf-e7bc121c7556
devops,devops-11.txt,"Developers - Ruby, Rails, GIS, C++, Hadoop, devops",MyDrive Solutions,2011-06-27,https://web.archive.org/web/20110627093751id_/http://jobs.github.com:80/positions/37bd02f8-9b79-11e0-81c5-a69702d28241,http://jobs.github.com:80/positions/37bd02f8-9b79-11e0-81c5-a69702d28241
devops,devops-12.txt,Senior System Administrator,LOYAL3,2011-09-27,https://web.archive.org/web/20110927000033id_/http://jobs.github.com:80/positions/bbdab39e-e31f-11e0-9950-e5c978bd573a,http://jobs.github.com:80/positions/bbdab39e-e31f-11e0-9950-e5c978bd573a
devops,devops-13.txt,Web Operations Engineers (DevOps),Rails Machine,2012-01-10,https://web.archive.org/web/20120110055351id_/http://jobs.github.com:80/positions/52765362-2b41-11e1-87ee-117a4574c5ad,http://jobs.github.com:80/positions/52765362-2b41-11e1-87ee-117a4574c5ad
devops,devops-14.txt,Web Operations Engineer,"1 other jobs

 Wayfair",2012-01-15,https://web.archive.org/web/20120115034757id_/http://jobs.github.com:80/positions/11f87ec2-389e-11e1-80a0-10842c057845,http://jobs.github.com:80/positions/11f87ec2-389e-11e1-80a0-10842c057845
devops,devops-15.txt,DevOps Engineer,Zumba Fitness,2012-01-26,https://web.archive.org/web/20120126155828id_/http://jobs.github.com:80/positions/33989346-4320-11e1-8496-498fc9319e7e,http://jobs.github.com:80/positions/33989346-4320-11e1-8496-498fc9319e7e
devops,devops-16.txt,DevOps Engineer,"1 other jobs

 deviantART",2012-02-09,https://web.archive.org/web/20120209080006id_/http://jobs.github.com:80/positions/4cfa8fa2-4306-11e1-9d36-88cc7b0f1ce4,http://jobs.github.com:80/positions/4cfa8fa2-4306-11e1-9d36-88cc7b0f1ce4
devops,devops-17.txt,Senior Linux Engineer,A2Z Research & Development,2012-02-12,https://web.archive.org/web/20120212235640id_/http://jobs.github.com:80/positions/44d2e702-5418-11e1-8d40-69b32d79578c,http://jobs.github.com:80/positions/44d2e702-5418-11e1-8d40-69b32d79578c
devops,devops-18.txt,DevOps Programmer,Brooklyn Museum,2012-05-14,https://web.archive.org/web/20120514114017id_/http://careers.stackoverflow.com/jobs/19593/devops-programmer-brooklyn-museum?a=n9ereog,http://careers.stackoverflow.com/jobs/19593/devops-programmer-brooklyn-museum?a=n9ereog
devops,devops-19.txt,Linux Sysadmin,DRH Internet Inc,2012-05-14,https://web.archive.org/web/20120514134908id_/http://careers.stackoverflow.com/jobs/19614/linux-sysadmin-drh-internet?a=naLOs5W,http://careers.stackoverflow.com/jobs/19614/linux-sysadmin-drh-internet?a=naLOs5W
devops,devops-20.txt,DevOps System Adminstrator (Linux) Hosted Systems,TIM Group,2012-05-19,https://web.archive.org/web/20120519033438id_/http://careers.stackoverflow.com/jobs/14433/devops-system-adminstrator-linux-hosted-systems-tim-group?a=h3fylzO,http://careers.stackoverflow.com/jobs/14433/devops-system-adminstrator-linux-hosted-systems-tim-group?a=h3fylzO
devops,devops-21.txt,Open Systems Engineer,Reliant Security,2012-09-20,https://web.archive.org/web/20120920045650id_/http://careers.stackoverflow.com/jobs/23724/open-systems-engineer-reliant-security?a=s1QxtTy,http://careers.stackoverflow.com/jobs/23724/open-systems-engineer-reliant-security?a=s1QxtTy
devops,devops-22.txt,Systems Engineer (Technology & User Experience Team),DonorsChoose.org,2012-10-08,https://web.archive.org/web/20121008172600id_/http://careers.stackoverflow.com/jobs/20319/systems-engineer-technology-user-experience-donorschoose-org?a=o0pFJjG,http://careers.stackoverflow.com/jobs/20319/systems-engineer-technology-user-experience-donorschoose-org?a=o0pFJjG
devops,devops-23.txt,Development Operations Engineer,Offerpop,2012-10-18,https://web.archive.org/web/20121018222853id_/http://careers.stackoverflow.com/jobs/24203/development-operations-engineer-offerpop?a=sAVq2yY,http://careers.stackoverflow.com/jobs/24203/development-operations-engineer-offerpop?a=sAVq2yY
devops,devops-24.txt,Systems Administrator (Product),Yelp,2012-10-18,https://web.archive.org/web/20121018223659id_/http://careers.stackoverflow.com/jobs/23125/systems-administrator-product-yelp?a=rjXwH4c&searchTerm=puppet,http://careers.stackoverflow.com/jobs/23125/systems-administrator-product-yelp?a=rjXwH4c&searchTerm=puppet
devops,devops-25.txt,Tools Lab Operations Engineer (Contractor),Wikimedia Foundation,2013-01-20,https://web.archive.org/web/20130120162938id_/http://careers.stackoverflow.com/jobs/29115/tools-lab-operations-engineer-contractor-wikimedia-foundation?a=yoJYBfq,http://careers.stackoverflow.com/jobs/29115/tools-lab-operations-engineer-contractor-wikimedia-foundation?a=yoJYBfq
devops,devops-26.txt,Systems Administrator @ Meetup,Meetup,2013-01-20,https://web.archive.org/web/20130120172446id_/http://careers.stackoverflow.com/jobs/28095/systems-administrator-meetup-meetup?a=xc1v0sw,http://careers.stackoverflow.com/jobs/28095/systems-administrator-meetup-meetup?a=xc1v0sw
devops,devops-27.txt,Desktop Systems Engineer eager to implement “Bleeding Edge” Technology,Stroock & Stroock & Lavan LLP,2013-01-20,https://web.archive.org/web/20130120172750id_/http://careers.stackoverflow.com/jobs/29103/desktop-systems-engineer-eager-to-implement-stroock-stroock-lavan-llp?a=ynRtCh2,http://careers.stackoverflow.com/jobs/29103/desktop-systems-engineer-eager-to-implement-stroock-stroock-lavan-llp?a=ynRtCh2
devops,devops-28.txt,Windows Systems Engineer,Wayfair,2013-01-20,https://web.archive.org/web/20130120180405id_/http://careers.stackoverflow.com/jobs/28426/windows-systems-engineer-wayfair?a=xAgMDkc,http://careers.stackoverflow.com/jobs/28426/windows-systems-engineer-wayfair?a=xAgMDkc
devops,devops-29.txt,Linux Systems Administrator,Roboreus Ltd,2013-01-20,https://web.archive.org/web/20130120180524id_/http://careers.stackoverflow.com/jobs/28704/linux-systems-administrator-roboreus?a=xUDVC9i,http://careers.stackoverflow.com/jobs/28704/linux-systems-administrator-roboreus?a=xUDVC9i
devops,devops-30.txt,Senior Systems Administrator,Atlantic Media Company,2013-01-20,https://web.archive.org/web/20130120182124id_/http://careers.stackoverflow.com/jobs/29096/senior-systems-administrator-atlantic-media-company?a=ynlGxHO&searchTerm=scalability,http://careers.stackoverflow.com/jobs/29096/senior-systems-administrator-atlantic-media-company?a=ynlGxHO&searchTerm=scalability
devops,devops-31.txt,Dev Ops Engineer @ Flywheel,Flywheel,2013-01-20,https://web.archive.org/web/20130120182506id_/http://careers.stackoverflow.com/jobs/28903/dev-ops-engineer-flywheel-flywheel?a=y9d9e2A&searchTerm=ruby,http://careers.stackoverflow.com/jobs/28903/dev-ops-engineer-flywheel-flywheel?a=y9d9e2A&searchTerm=ruby
devops,devops-32.txt,DevOps Engineer for Wetpaint,Wetpaint,2013-01-20,https://web.archive.org/web/20130120183038id_/http://careers.stackoverflow.com/jobs/23802/devops-engineer-wetpaint-wetpaint?a=s7ydG12,http://careers.stackoverflow.com/jobs/23802/devops-engineer-wetpaint-wetpaint?a=s7ydG12
devops,devops-33.txt,iOS Systems Engineer,Hangar 162 Productions,2013-01-20,https://web.archive.org/web/20130120190822id_/http://careers.stackoverflow.com/jobs/28392/ios-systems-engineer-hangar-162-productions?a=xxMW2Pe,http://careers.stackoverflow.com/jobs/28392/ios-systems-engineer-hangar-162-productions?a=xxMW2Pe
devops,devops-34.txt,Dev Ops Engineer,Action.IO,2013-01-20,https://web.archive.org/web/20130120191033id_/http://careers.stackoverflow.com/jobs/29016/dev-ops-engineer-action-io?a=yhulZde,http://careers.stackoverflow.com/jobs/29016/dev-ops-engineer-action-io?a=yhulZde
devops,devops-35.txt,DevOps Engineer,Braintree,2013-01-20,https://web.archive.org/web/20130120192335id_/http://careers.stackoverflow.com/jobs/23105/devops-engineer-braintree?a=riuH3ry,http://careers.stackoverflow.com/jobs/23105/devops-engineer-braintree?a=riuH3ry
devops,devops-36.txt,DevOps Engineer,Rent The Runway,2014-07-04,https://web.archive.org/web/20140704085108id_/http://careers.stackoverflow.com/jobs/15003/devops-engineer-rent-the-runway?a=iisiDXSo&searchTerm=chef,http://careers.stackoverflow.com/jobs/15003/devops-engineer-rent-the-runway?a=iisiDXSo&searchTerm=chef
devops,devops-37.txt,DevOps Engineer,Pagely®,2014-08-21,https://web.archive.org/web/20140821070507id_/http://careers.stackoverflow.com:80/jobs/10832/devops-engineer-pagely?,http://careers.stackoverflow.com:80/jobs/10832/devops-engineer-pagely?
devops,devops-38.txt,Operations Engineer,"2 other jobs

 Disqus",2014-08-28,https://web.archive.org/web/20140828205500id_/https://jobs.github.com/positions/520e0a4a-f278-11e3-874a-7720a21def43,https://jobs.github.com/positions/520e0a4a-f278-11e3-874a-7720a21def43
devops,devops-39.txt,Systems Administrator: Supercomputers for Computational Biochemistry,D. E. Shaw Research,2015-03-19,https://web.archive.org/web/20150319132243id_/http://careers.stackoverflow.com/jobs/34108/systems-administrator-supercomputers-for-d-e-shaw-research?a=brcC4fWYeVq&searchTerm=linux,http://careers.stackoverflow.com/jobs/34108/systems-administrator-supercomputers-for-d-e-shaw-research?a=brcC4fWYeVq&searchTerm=linux
devops,devops-40.txt,Hardware Operations Engineer,Two Sigma Investments,2015-04-03,https://web.archive.org/web/20150403065122id_/http://careers.stackoverflow.com/jobs/33366/hardware-operations-engineer-two-sigma-investments?a=bbM3CQs40IU&searchTerm=lift,http://careers.stackoverflow.com/jobs/33366/hardware-operations-engineer-two-sigma-investments?a=bbM3CQs40IU&searchTerm=lift
devops,devops-41.txt,Site Reliability Engineer,Dataminr,2015-04-20,https://web.archive.org/web/20150420020503id_/http://careers.stackoverflow.com:80/jobs/16119/site-reliability-engineer-dataminr?,http://careers.stackoverflow.com:80/jobs/16119/site-reliability-engineer-dataminr?
devops,devops-42.txt,Senior DevOps Engineer,Verizon,2015-05-10,https://web.archive.org/web/20150510150325id_/https://jobs.github.com/positions/180c984c-cf14-11e4-9fd4-87d5ac996018,https://jobs.github.com/positions/180c984c-cf14-11e4-9fd4-87d5ac996018
devops,devops-43.txt,Database Infrastructure Engineer - MySQL,"30 other jobs

 GitHub",2015-05-14,https://web.archive.org/web/20150514095232id_/https://jobs.github.com/positions/de428bee-c9c3-11e4-8e64-91185c1a9c15,https://jobs.github.com/positions/de428bee-c9c3-11e4-8e64-91185c1a9c15
devops,devops-44.txt,Site Reliability Engineer @ DotCloud,DotCloud,2015-05-23,https://web.archive.org/web/20150523214400id_/https://jobs.github.com/positions/a18d69d8-439a-11e1-8912-1619431a11e2,https://jobs.github.com/positions/a18d69d8-439a-11e1-8912-1619431a11e2
devops,devops-45.txt,Linux System Administrator (DevOps),VM Farms,2015-09-06,https://web.archive.org/web/20150906061916id_/http://careers.stackoverflow.com/jobs/34621/linux-system-administrator-devops-vm-farms?a=bBRX2u05e2Q&so=s,http://careers.stackoverflow.com/jobs/34621/linux-system-administrator-devops-vm-farms?a=bBRX2u05e2Q&so=s
devops,devops-46.txt,AWS DevOps Engineer,KeyMe Inc,2015-10-22,https://web.archive.org/web/20151022064714id_/http://careers.stackoverflow.com:80/jobs/100547/aws-devops-engineer-keyme-inc,http://careers.stackoverflow.com:80/jobs/100547/aws-devops-engineer-keyme-inc
devops,devops-47.txt,"Build and Tools Engineer - DevOps, Linux, CI, C/C++","HERE, a Nokia company",2015-10-22,https://web.archive.org/web/20151022064725id_/http://careers.stackoverflow.com:80/jobs/100571/build-and-tools-engineer-devops-linux-ci-c-here-a-nokia-company,http://careers.stackoverflow.com:80/jobs/100571/build-and-tools-engineer-devops-linux-ci-c-here-a-nokia-company
devops,devops-48.txt,DevOps || Systems Architect,SuperAwesome,2015-10-23,https://web.archive.org/web/20151023073757id_/http://careers.stackoverflow.com:80/jobs/100668/devops-systems-architect-superawesome,http://careers.stackoverflow.com:80/jobs/100668/devops-systems-architect-superawesome
devops,devops-49.txt,Site Reliability Engineer,EnerNOC,2015-10-24,https://web.archive.org/web/20151024061652id_/http://careers.stackoverflow.com:80/jobs/100894/site-reliability-engineer-enernoc,http://careers.stackoverflow.com:80/jobs/100894/site-reliability-engineer-enernoc
devops,devops-50.txt,DevOps Engineer - EU Timezone,Help Scout,2016-01-01,https://web.archive.org/web/20160101224038id_/http://careers.stackoverflow.com:80/jobs/104487/devops-engineer-eu-timezone-help-scout?,http://careers.stackoverflow.com:80/jobs/104487/devops-engineer-eu-timezone-help-scout?
devops,devops-51.txt,DevOps Engineer for IoT,relayr,2016-01-04,https://web.archive.org/web/20160104193031id_/http://careers.stackoverflow.com:80/jobs/101694/devops-engineer-for-iot-relayr?,http://careers.stackoverflow.com:80/jobs/101694/devops-engineer-for-iot-relayr?
devops,devops-52.txt,AWS Systems Engineer,TheLadders,2016-01-06,https://web.archive.org/web/20160106145500id_/http://careers.stackoverflow.com:80/jobs/100338/aws-systems-engineer-theladders?,http://careers.stackoverflow.com:80/jobs/100338/aws-systems-engineer-theladders?
devops,devops-53.txt,Site Reliability Engineer,Auth0,2016-01-11,https://web.archive.org/web/20160111023249id_/http://careers.stackoverflow.com:80/jobs/105076/site-reliability-engineer-auth0,http://careers.stackoverflow.com:80/jobs/105076/site-reliability-engineer-auth0
devops,devops-54.txt,Lead DevOps Engineer,Firetalk,2016-01-12,https://web.archive.org/web/20160112204401id_/http://careers.stackoverflow.com:80/jobs/104710/lead-devops-engineer-firetalk,http://careers.stackoverflow.com:80/jobs/104710/lead-devops-engineer-firetalk
devops,devops-55.txt,"Site Reliability Engineering, Manager",New Relic,2016-01-24,https://web.archive.org/web/20160124092853id_/http://careers.stackoverflow.com/jobs/105984/site-reliability-engineering-manager-new-relic,http://careers.stackoverflow.com/jobs/105984/site-reliability-engineering-manager-new-relic
devops,devops-56.txt,Senior Systems Administrator,Xamarin,2016-01-24,https://web.archive.org/web/20160124205224id_/http://careers.stackoverflow.com/jobs/106023/senior-systems-administrator-xamarin,http://careers.stackoverflow.com/jobs/106023/senior-systems-administrator-xamarin
devops,devops-57.txt,Operations Engineer for most exciting E-Commerce project wanted!,ABOUT YOU GmbH,2016-02-20,https://web.archive.org/web/20160220122220id_/http://careers.stackoverflow.com:80/jobs/103345/operations-engineer-for-most-exciting-e-commerce-about-you-gmbh,http://careers.stackoverflow.com:80/jobs/103345/operations-engineer-for-most-exciting-e-commerce-about-you-gmbh
devops,devops-58.txt,DevOps Engineer,New Relic,2016-02-23,https://web.archive.org/web/20160223170609id_/http://careers.stackoverflow.com:80/jobs/108663/devops-engineer-new-relic?,http://careers.stackoverflow.com:80/jobs/108663/devops-engineer-new-relic?
devops,devops-59.txt,Extraordinary DevOps Leader,Clevertech,2016-02-23,https://web.archive.org/web/20160223223154id_/http://careers.stackoverflow.com:80/jobs/105009/extraordinary-devops-leader-clevertech?,http://careers.stackoverflow.com:80/jobs/105009/extraordinary-devops-leader-clevertech?
devops,devops-60.txt,DevOps Engineer,Subtext Media,2016-02-23,https://web.archive.org/web/20160223223208id_/http://careers.stackoverflow.com:80/jobs/107122/devops-engineer-subtext-media?,http://careers.stackoverflow.com:80/jobs/107122/devops-engineer-subtext-media?
trading,trading-1.txt,"BUSINESS MANAGER - FX, DERIVATIVES - TRADING SYSTEMS",Bloomberg,2007-02-21,https://web.archive.org/web/20070221083050id_/http://www.efinancialcareers.com:80/job-4000000000199220.htm,http://www.efinancialcareers.com:80/job-4000000000199220.htm
trading,trading-2.txt,Market Risk Manager,"Ashton Lane Group, Inc",2007-03-30,https://web.archive.org/web/20070330103347id_/http://www.efinancialcareers.com:80/job-4000000000230735.htm,http://www.efinancialcareers.com:80/job-4000000000230735.htm
trading,trading-3.txt,Automated Trading Software Engineer,Roy Talman & Associates,2007-07-05,https://web.archive.org/web/20070705234502id_/http://www.efinancialcareers.com:80/job-4000000000282066.htm?&bDisplayContact=1,http://www.efinancialcareers.com:80/job-4000000000282066.htm?&bDisplayContact=1
trading,trading-4.txt,"Director, Prime Brokerage Risk Management – Southern CT",Analytic Recruiting Inc.,2007-11-07,https://web.archive.org/web/20071107175456id_/http://www.efinancialcareers.com:80/job-4000000000096670.htm?&bDisplayContact=1,http://www.efinancialcareers.com:80/job-4000000000096670.htm?&bDisplayContact=1
trading,trading-5.txt,"Quantitative Analysts/Traders for Low, Mid and High-Frequency Proprietary Equity (Cash, Derivatives) Trading/Statistical Arbitrage",DTG Capital Markets,2007-11-23,https://web.archive.org/web/20071123232512id_/http://www.efinancialcareers.com:80/job-4000000000122375.htm?&bDisplayContact=1,http://www.efinancialcareers.com:80/job-4000000000122375.htm?&bDisplayContact=1
trading,trading-6.txt,High-Frequency Algorithmic Trading Specialist,Comprehensive Recruiting,2007-11-23,https://web.archive.org/web/20071123232558id_/http://www.efinancialcareers.com:80/job-4000000000263537.htm?&bDisplayContact=1,http://www.efinancialcareers.com:80/job-4000000000263537.htm?&bDisplayContact=1
trading,trading-7.txt,Valuation Risk Control-Commodities,Comprehensive Recruiting,2008-01-15,https://web.archive.org/web/20080115070443id_/http://www.efinancialcareers.com:80/job-4000000000172977.htm?&bDisplayContact=1,http://www.efinancialcareers.com:80/job-4000000000172977.htm?&bDisplayContact=1
trading,trading-8.txt,Prime Brokerage Risk Management- New York,Analytic Recruiting Inc.,2008-02-15,https://web.archive.org/web/20080215184110id_/http://www.efinancialcareers.com:80/job-4000000000226153.htm?&bDisplayContact=1,http://www.efinancialcareers.com:80/job-4000000000226153.htm?&bDisplayContact=1
trading,trading-9.txt,Strategist/FX High Frequency Trading,COMPREHENSIVE RECRUITING,2008-02-18,https://web.archive.org/web/20080218211132id_/http://www.efinancialcareers.com:80/job-4000000000229652.htm?&bDisplayContact=1,http://www.efinancialcareers.com:80/job-4000000000229652.htm?&bDisplayContact=1
trading,trading-10.txt,"Programmer/Analyst, Mortgage Trading Hedge Fund – CT",Analytic Recruiting,2008-03-21,https://web.archive.org/web/20080321222706id_/http://www.efinancialcareers.com:80/job-4000000000075229.htm/myJobs-TRUE,http://www.efinancialcareers.com:80/job-4000000000075229.htm/myJobs-TRUE
trading,trading-11.txt,Trading Systems Support Analyst,Kforce Professional Staffing,2009-08-13,https://web.archive.org/web/20090813094955id_/http://jobview.monster.com:80/Trading-Systems-Support-Analyst-Job-New-York-NY-US-82671608.aspx,http://jobview.monster.com:80/Trading-Systems-Support-Analyst-Job-New-York-NY-US-82671608.aspx
trading,trading-12.txt,Algorithmic Trading Quantitative Analyst,Company Confidential,2009-09-25,https://web.archive.org/web/20090925165754id_/http://jobview.monster.com:80/Algorithmic-Trading-Quantitative-Analyst-Job-Dallas-TX-US-83150382.aspx,http://jobview.monster.com:80/Algorithmic-Trading-Quantitative-Analyst-Job-Dallas-TX-US-83150382.aspx
trading,trading-13.txt,Trading Systems Support Analyst,Fidessa corporation,2010-03-12,https://web.archive.org/web/20100312121357id_/http://jobview.monster.com:80/Trading-Systems-Support-Analyst-Job-new-York-NY-US-86612786.aspx,http://jobview.monster.com:80/Trading-Systems-Support-Analyst-Job-new-York-NY-US-86612786.aspx
trading,trading-14.txt,Trading Systems Architect,Company Confidential,2010-03-26,https://web.archive.org/web/20100326155354id_/http://jobview.monster.com:80/Trading-Systems-Architect-Job-New-York-NY-US-86693502.aspx,http://jobview.monster.com:80/Trading-Systems-Architect-Job-New-York-NY-US-86693502.aspx
trading,trading-15.txt,Electronic Trading and Desktop Support,Prudential,2010-05-20,https://web.archive.org/web/20100520023546id_/http://jobview.monster.com:80/Electronic-Trading-Desktop-Support-Job-Chicago-IL-US-87969213.aspx,http://jobview.monster.com:80/Electronic-Trading-Desktop-Support-Job-Chicago-IL-US-87969213.aspx
trading,trading-16.txt,E Trading Support Analyst,Citi,2012-05-03,https://web.archive.org/web/20120503021429id_/http://jobview.monster.com/E-Trading-Support-Analyst-Job-New-York-NY-US-108987648.aspx,http://jobview.monster.com/E-Trading-Support-Analyst-Job-New-York-NY-US-108987648.aspx
trading,trading-17.txt,Trading System Support Engineer,Huxley Banking & Financial Services,2015-09-09,https://web.archive.org/web/20150909031427id_/http://jobview.monster.com/Trading-System-Support-Engineer-Job-Chicago-IL-US-156309861.aspx?mescoid=1500134001001,http://jobview.monster.com/Trading-System-Support-Engineer-Job-Chicago-IL-US-156309861.aspx?mescoid=1500134001001
grid,grid-1.txt,Control Room Operator III,Dominion Resources Inc,2009-10-28,https://web.archive.org/web/20091028032610id_/http://jobview.monster.com:80/Control-Room-Operator-III-Job-Providence-RI-US-84084897.aspx,http://jobview.monster.com:80/Control-Room-Operator-III-Job-Providence-RI-US-84084897.aspx
grid,grid-2.txt,Power System Operator,"Etech Hi, Inc.",2014-06-14,https://web.archive.org/web/20140614030737id_/http://jobview.monster.com/Power-System-Operator-Job-Leesburg-FL-US-135442222.aspx,http://jobview.monster.com/Power-System-Operator-Job-Leesburg-FL-US-135442222.aspx
grid,grid-3.txt,Master Coordinator- System Operator,PJM Interconnection,2010-08-03,https://web.archive.org/web/20100803231252id_/http://careers-pjm.icims.com:80/jobs/1285/job,http://careers-pjm.icims.com/jobs/1285/job
grid,grid-4.txt,Sr. Trainer,PJM Interconnection,2010-08-03,https://web.archive.org/web/20100803231153id_/http://careers-pjm.icims.com:80/jobs/1826/job,http://careers-pjm.icims.com/jobs/1826/job
grid,grid-5.txt,(Sr.) Engineer,PJM Interconnection,2010-08-03,https://web.archive.org/web/20100803231318id_/http://careers-pjm.icims.com:80/jobs/1824/job,http://careers-pjm.icims.com/jobs/1824/job
