date,query_or_prefix,engine,results_kept
2026-10-10,"jobs.github.com/positions/* [devops; 2011-2016; all positions, filtered by title after fetch]",wayback-cdx,"1401 candidates; 942 fetched/parsed; devops-titled kept (with SO) 60"
2026-10-10,"careers.stackoverflow.com/jobs/* [devops; title-slug regex; 2010-2016]",wayback-cdx,"600 candidates; 441 parsed"
2026-10-10,"efinancialcareers.com/job/* [trading; 2005-2016; filtered by title after fetch]",wayback-cdx,"2000 candidates (2006-2009); 1000 sampled; 179 fetched/parsed; 17 trading kept"
2026-10-10,"dice.com/job/result/* [devops; 2009-2016]",wayback-cdx,"listing only; not fetched; 0"
2026-10-10,"stackoverflow.com/jobs/*; efinancialcareers.com/job-*; indeed.com/cmp/*; simplyhired.com/job/*; careerbuilder.com/job/*; jobview.monster.com/* with title regex",wayback-cdx,"timeouts (504/refused); 0"
2026-10-10,"pjm.com/about-pjm/careers/*; ercot.com/about/careers/*; caiso.com/Pages/Careers*; nyiso.com/careers*; misoenergy.org/careers*",wayback-cdx,"career landing pages only, no single postings; 0"
2026-10-10,"jobview.monster.com/System-Operator* [grid; 2005-2016]",wayback-cdx,"2 candidates; kept: see I3-period-postings.csv"
2026-10-10,"indeed.com/viewjob?t=Transmission+System+Operator* [grid; 2006-2016]",wayback-cdx,"0 candidates; kept: see I3-period-postings.csv"
2026-10-10,"jobview.monster.com/Transmission-System-Operator* [grid; 2005-2016]",wayback-cdx,"0 candidates; kept: see I3-period-postings.csv"
2026-10-10,"indeed.com/viewjob?t=Reliability+Coordinator* [grid; 2006-2016]",wayback-cdx,"0 candidates; kept: see I3-period-postings.csv"
2026-10-10,"jobview.monster.com/Reliability-Coordinator* [grid; 2005-2016]",wayback-cdx,"0 candidates; kept: see I3-period-postings.csv"
2026-10-10,"jobview.monster.com/Control-Room-Operator* [grid; 2005-2016]",wayback-cdx,"12 candidates; kept: see I3-period-postings.csv"
2026-10-10,"indeed.com/viewjob?t=Power+System+Operator* [grid; 2006-2016]",wayback-cdx,"0 candidates; kept: see I3-period-postings.csv"
2026-10-10,"jobview.monster.com/Power-System-Operator* [grid; 2005-2016]",wayback-cdx,"1 candidates; kept: see I3-period-postings.csv"
2026-10-10,"jobview.monster.com/Grid-Operator* [grid; 2005-2016]",wayback-cdx,"0 candidates; kept: see I3-period-postings.csv"
2026-10-10,"indeed.com/viewjob?t=Real-Time+Operator* [grid; 2006-2016]",wayback-cdx,"0 candidates; kept: see I3-period-postings.csv"
2026-10-10,"jobview.monster.com/Real-Time-Operator* [grid; 2005-2016]",wayback-cdx,"0 candidates; kept: see I3-period-postings.csv"
2026-10-10,"indeed.com/viewjob?t=Real+Time+Operator* [grid; 2006-2016]",wayback-cdx,"0 candidates; kept: see I3-period-postings.csv"
2026-10-10,"jobview.monster.com/Generation-Dispatcher* [grid; 2005-2016]",wayback-cdx,"0 candidates; kept: see I3-period-postings.csv"
2026-10-10,"indeed.com/viewjob?t=Power+Dispatcher* [grid; 2006-2016]",wayback-cdx,"0 candidates; kept: see I3-period-postings.csv"
2026-10-10,"indeed.com/viewjob?t=Shift+Supervisor* [grid; 2006-2016]",wayback-cdx,"0 candidates; kept: see I3-period-postings.csv"
2026-10-10,"indeed.com/viewjob?t=Algorithmic+Trading* [trading; 2006-2016]",wayback-cdx,"0 candidates; kept: see I3-period-postings.csv"
2026-10-10,"jobview.monster.com/Algorithmic-Trading* [trading; 2005-2016]",wayback-cdx,"1 candidates; kept: see I3-period-postings.csv"
2026-10-10,"indeed.com/viewjob?t=Algo+Trading* [trading; 2006-2016]",wayback-cdx,"0 candidates; kept: see I3-period-postings.csv"
2026-10-10,"jobview.monster.com/Algo-Trading* [trading; 2005-2016]",wayback-cdx,"0 candidates; kept: see I3-period-postings.csv"
2026-10-10,"indeed.com/viewjob?t=Electronic+Trading* [trading; 2006-2016]",wayback-cdx,"0 candidates; kept: see I3-period-postings.csv"
2026-10-10,"jobview.monster.com/Electronic-Trading* [trading; 2005-2016]",wayback-cdx,"3 candidates; kept: see I3-period-postings.csv"
2026-10-10,"indeed.com/viewjob?t=E-Trading* [trading; 2006-2016]",wayback-cdx,"0 candidates; kept: see I3-period-postings.csv"
2026-10-10,"jobview.monster.com/E-Trading* [trading; 2005-2016]",wayback-cdx,"1 candidates; kept: see I3-period-postings.csv"
2026-10-10,"indeed.com/viewjob?t=Trading+Systems* [trading; 2006-2016]",wayback-cdx,"0 candidates; kept: see I3-period-postings.csv"
2026-10-10,"jobview.monster.com/Trading-Systems* [trading; 2005-2016]",wayback-cdx,"5 candidates; kept: see I3-period-postings.csv"
2026-10-10,"indeed.com/viewjob?t=Trading+System* [trading; 2006-2016]",wayback-cdx,"0 candidates; kept: see I3-period-postings.csv"
2026-10-10,"jobview.monster.com/Trading-System* [trading; 2005-2016]",wayback-cdx,"7 candidates; kept: see I3-period-postings.csv"
2026-10-10,"indeed.com/viewjob?t=Trading+Risk* [trading; 2006-2016]",wayback-cdx,"0 candidates; kept: see I3-period-postings.csv"
2026-10-10,"jobview.monster.com/Trading-Risk* [trading; 2005-2016]",wayback-cdx,"0 candidates; kept: see I3-period-postings.csv"
2026-10-10,"indeed.com/viewjob?t=Market+Access* [trading; 2006-2016]",wayback-cdx,"0 candidates; kept: see I3-period-postings.csv"
2026-10-10,"indeed.com/viewjob?t=Trading+Control* [trading; 2006-2016]",wayback-cdx,"0 candidates; kept: see I3-period-postings.csv"
2026-10-10,"archive.org/wayback/available: PJM, ERCOT, CAISO, MISO, NYISO, ISO-NE, SPP, NERC career URLs [grid; 2006-2016, even years + 2015]",wayback-availability (no CDX),"pjm.com careers and open-positions (2009,2012,2015) and ERCOT /careers/jobs (2008) landing pages captured; PJM linked to careers-pjm.icims.com (2010 job list, 3 job pages captured); ERCOT 2008 list linked 3 System Operator pages, none archived; MISO, NYISO, CAISO CurrentJobs, ISO-NE open-positions, NERC employment: no capture"
2026-10-10,archive.org/wayback/available: careers-pjm.icims.com/jobs/<id>/job [grid; 2010],wayback-availability (no CDX),"3 kept (grid-3..5); 1285 Master Coordinator, 1826 Sr. Trainer, 1824 Engineer"
2026-10-10,"archive.org/wayback/available: FINRA, ICE, NYX/NYSE, Nasdaq OMX, CBOE, CME, DTCC, JPMorgan, Goldman Sachs, SEC careers URLs [trading; 2006-2016, even years]",wayback-availability (no CDX),"landing pages captured for most; individual posting links (ICE JobPostings.shtml?job.id=, FINRA recruitmax Job_Profile, Nasdaq/FINRA Taleo, CBOE UltiPro) not archived; 0 kept"
2026-10-10,web search (title-based): system operator job description PJM / electronic trading risk analyst job description [candidate URLs],wayback-availability (no CDX),returned only current third-party postings; no archived-era URLs; 0 kept
