rule,article,rule_type,binding,addressee,required_function,names_role,role_title,seniority_or_independence,regulates_changes,change_owner,applies_to,effective_date,quote,source_id,versions,change_history,note
EU Delegated Reg 2017/589 (RTS 6),Art 1(a),"law, regulation or supervisory rule",yes,investment firm,"Formal governance arrangement with lines of accountability, incl. procedures to approve development, deployment and updates of algorithms",no,,none stated,yes,none named,investment firms engaging in algorithmic trading,Applies from 3 Jan 2018,"clear lines of accountability, including procedures to approve the development, deployment and subsequent updates of trading algorithms and to solve problems identified when monitoring trading algorithms",C217f8b25,,,
EU Delegated Reg 2017/589 (RTS 6),Art 1(c),"law, regulation or supervisory rule",yes,investment firm,Separate trading desks from risk control and compliance functions,yes,risk control function; compliance function,independence: separation of tasks between desks and supporting functions,no,none named,investment firms engaging in algorithmic trading,Applies from 3 Jan 2018,"a separation of tasks and responsibilities of trading desks on the one hand and supporting functions, including risk control and compliance functions, on the other",C217f8b25,,,
EU Delegated Reg 2017/589 (RTS 6),Art 2(1)-(2),"law, regulation or supervisory rule",yes,investment firm,Compliance staff understand the algorithms and keep contact with technical staff and holders of kill functionality,yes,compliance staff,none stated,no,none named,investment firms engaging in algorithmic trading,Applies from 3 Jan 2018,"compliance staff have, at all times, contact with the person or persons within the investment firm who have access to the functionality referred to in Article 12 ('kill functionality')",C217f8b25,,,
EU Delegated Reg 2017/589 (RTS 6),Art 3(1)-(2),"law, regulation or supervisory rule",yes,investment firm,"Sufficient staff with specified, regularly evaluated skills in systems, testing, strategies and legal duties",no,,none stated,no,none named,investment firms engaging in algorithmic trading,Applies from 3 Jan 2018,An investment firm shall employ a sufficient number of staff with the necessary skills to manage its algorithmic trading systems and trading algorithms,C217f8b25,,,
EU Delegated Reg 2017/589 (RTS 6),Art 3(4),"law, regulation or supervisory rule",yes,investment firm,"Risk and compliance staff with algorithmic knowledge, alert-handling skills and authority to challenge trading staff",yes,risk and compliance staff,authority to challenge staff responsible for algorithmic trading,no,none named,investment firms engaging in algorithmic trading,Applies from 3 Jan 2018,sufficient authority to challenge staff responsible for algorithmic trading where such trading gives rise to disorderly trading conditions or suspicions of market abuse,C217f8b25,,,
EU Delegated Reg 2017/589 (RTS 6),Art 5(2),"law, regulation or supervisory rule",yes,investment firm,Authorisation of deployment or substantial update of an algorithm,yes,person designated by the senior management,designated by senior management,yes,person designated by the senior management of the investment firm,investment firms engaging in algorithmic trading,Applies from 3 Jan 2018,"A person designated by the senior management of the investment firm shall authorise the deployment or substantial update of an algorithmic trading system, trading algorithm or algorithmic trading strategy.",C217f8b25,,,Applies to algorithms leading to order execution (Art 5(6)).
EU Delegated Reg 2017/589 (RTS 6),"Art 5(1),(3)-(5)","law, regulation or supervisory rule",yes,investment firm,Documented development and testing methodology incl. allocation of responsibilities; further testing after substantial changes,no,,none stated,yes,none named,investment firms engaging in algorithmic trading,Applies from 3 Jan 2018,An investment firm shall undertake further testing if there are substantial changes to the algorithmic trading system,C217f8b25,,,
EU Delegated Reg 2017/589 (RTS 6),Art 5(7),"law, regulation or supervisory rule",yes,investment firm,"Change log of material software changes: when, who made, who approved, nature",no,,records the approver of each change,yes,none named,investment firms engaging in algorithmic trading,Applies from 3 Jan 2018,"keep records of any material change made to the software used for algorithmic trading, allowing it to determine: (a) when a change was made; (b) the person that has made the change; (c) the person that has approved the change",C217f8b25,,,Records the approver but does not designate one.
EU Delegated Reg 2017/589 (RTS 6),Art 7(1),"law, regulation or supervisory rule",yes,investment firm,Test in an environment separate from production,no,,none stated,no,none named,investment firms engaging in algorithmic trading,Applies from 3 Jan 2018,"testing of compliance with the criteria laid down in Article 5(4)(a), (b) and (d) is undertaken in an environment that is separated from its production environment",C217f8b25,,,
EU Delegated Reg 2017/589 (RTS 6),Art 8,"law, regulation or supervisory rule",yes,investment firm,"Set predefined limits (instruments, order price/value/number, positions, venues) before deployment",no,,none stated,yes,none named,investment firms engaging in algorithmic trading,Applies from 3 Jan 2018,"Before deployment of a trading algorithm, an investment firm shall set predefined limits on",C217f8b25,,,
EU Delegated Reg 2017/589 (RTS 6),Art 9(2)-(3),"law, regulation or supervisory rule",yes,investment firm,"Annual validation report drawn up by risk management function, audited by internal audit, approved by senior management",yes,risk management function; internal audit function; senior management,audit by internal audit where it exists; approval by senior management,no,none named,investment firms engaging in algorithmic trading,Applies from 3 Jan 2018,"The validation report shall be audited by the firm's internal audit function, where such function exists, and be subject to approval by the investment firm's senior management.",C217f8b25,,,
EU Delegated Reg 2017/589 (RTS 6),Art 10,"law, regulation or supervisory rule",yes,investment firm,Annual stress tests at twice recent peak message and trade volumes,no,,none stated,no,none named,investment firms engaging in algorithmic trading,Applies from 3 Jan 2018,"running high messaging volume tests using the highest number of messages received and sent by the investment firm during the previous six months, multiplied by two",C217f8b25,,,
EU Delegated Reg 2017/589 (RTS 6),Art 11,"law, regulation or supervisory rule",yes,investment firm,"Review of any proposed material change to the production environment before it is made; communicate functional changes to traders, compliance and risk",yes,person designated by senior management,designated by senior management,yes,person designated by senior management of the investment firm,investment firms engaging in algorithmic trading,Applies from 3 Jan 2018,any proposed material change to the production environment related to algorithmic trading is preceded by a review of that change by a person designated by senior management of the investment firm,C217f8b25,,,
EU Delegated Reg 2017/589 (RTS 6),Art 12,"law, regulation or supervisory rule",yes,investment firm,Kill functionality: cancel unexecuted orders immediately; identify algorithm and trader responsible per order,no,,none stated (Art 2(2) refers to persons with access),no,none named,investment firms engaging in algorithmic trading,Applies from 3 Jan 2018,"be able to cancel immediately, as an emergency measure, any or all of its unexecuted orders submitted to any or all trading venues to which the investment firm is connected",C217f8b25,,,
EU Delegated Reg 2017/589 (RTS 6),"Art 13(6),(8)","law, regulation or supervisory rule",yes,investment firm,Annual review of surveillance parameters and filters; monitoring staff report suspect activity to compliance,yes,compliance function; monitoring staff,none stated,yes,none named,investment firms engaging in algorithmic trading,Applies from 3 Jan 2018,review its automated surveillance system at least once a year to assess whether that system and the parameters and filters employed by it are still adequate,C217f8b25,,,
EU Delegated Reg 2017/589 (RTS 6),Art 14,"law, regulation or supervisory rule",yes,investment firm,Business continuity and shutdown arrangements for algorithmic systems; annual review and test,no,,none stated,no,none named,investment firms engaging in algorithmic trading,Applies from 3 Jan 2018,arrangements for shutting down the relevant trading algorithm or trading system where appropriate,C217f8b25,,,
EU Delegated Reg 2017/589 (RTS 6),"Art 15(1),(4)","law, regulation or supervisory rule",yes,investment firm,"Pre-trade controls (price collars, max order value/volume, message limits) and risk limits set from capital and risk tolerance and adjusted as conditions change",no,,none stated,yes,none named,investment firms engaging in algorithmic trading,Applies from 3 Jan 2018,The investment firm shall adjust those market and credit risk limits to account for the changing impact of the orders on the relevant market due to different price and liquidity levels.,C217f8b25,,,
EU Delegated Reg 2017/589 (RTS 6),Art 15(3),"law, regulation or supervisory rule",yes,investment firm,Automated execution throttle disables the system until re-enabled by a designated staff member,yes,designated staff member,designated,no,none named,investment firms engaging in algorithmic trading,Applies from 3 Jan 2018,the trading system shall be automatically disabled until re-enabled by a designated staff member,C217f8b25,,,
EU Delegated Reg 2017/589 (RTS 6),Art 15(6),"law, regulation or supervisory rule",yes,investment firm,Exceptional submission of blocked orders: verification by risk management function and authorisation by a designated individual,yes,designated individual; risk management function,verification by risk function; authorisation by designated individual,yes,"designated individual of the investment firm, after verification by the risk management function",investment firms engaging in algorithmic trading,Applies from 3 Jan 2018,subject to verification by the risk management function and authorisation by a designated individual of the investment firm,C217f8b25,,,
EU Delegated Reg 2017/589 (RTS 6),Art 16(2)-(3),"law, regulation or supervisory rule",yes,investment firm,Real-time monitoring by the trader in charge and by risk management or an independent risk control function; duty to remediate,yes,trader in charge of the algorithm; independent risk control function,independent: not hierarchically dependent on the trader and able to challenge the trader,no,none named,investment firms engaging in algorithmic trading,Applies from 3 Jan 2018,That risk control function shall be considered to be independent ... provided that that function is not hierarchically dependent on the trader and can challenge the trader as appropriate and necessary,C217f8b25,,,
EU Delegated Reg 2017/589 (RTS 6),Art 16(4),"law, regulation or supervisory rule",yes,investment firm,"Staff in charge of real-time monitoring reachable by authority, venues, DEA providers and CCPs at all times",yes,staff members in charge of real-time monitoring,adequate level of authority,no,none named,investment firms engaging in algorithmic trading,Applies from 3 Jan 2018,the staff members with the adequate level of authority may reach each other in time,C217f8b25,,,
EU Delegated Reg 2017/589 (RTS 6),"Art 17(1),(5)","law, regulation or supervisory rule",yes,investment firm,Post-trade controls run continuously; post-trade monitoring by responsible traders and risk control function,yes,traders responsible for the algorithm; risk control function,none stated,no,none named,investment firms engaging in algorithmic trading,Applies from 3 Jan 2018,Post-trade monitoring shall be undertaken by the traders responsible for the algorithm and the risk control function of the investment firm.,C217f8b25,,,
EU Delegated Reg 2017/589 (RTS 6),Art 18(3),"law, regulation or supervisory rule",yes,investment firm,Report material security breaches to the competent authority with an incident report,no,,none stated,no,none named,investment firms engaging in algorithmic trading,Applies from 3 Jan 2018,promptly inform the competent authority of any material breaches of its physical and electronic security measures,C217f8b25,,,
EU Delegated Reg 2017/589 (RTS 6),Art 20(2),"law, regulation or supervisory rule",yes,investment firm,DEA provider solely entitled to set or modify parameters and limits of pre- and post-trade controls,no,,exclusive entitlement of provider as against its client,yes,none named,DEA providers,Applies from 3 Jan 2018,ensure that it is solely entitled to set or modify the parameters or limits of those pre-trade and post-trade controls and real time monitoring,C217f8b25,,,"Allocates change rights to the provider as a firm, not to a named person."
EU Delegated Reg 2017/589 (RTS 6),Art 21(5),"law, regulation or supervisory rule",yes,investment firm,"DEA provider records client orders, alerts and modifications to its filtering process",no,,none stated,no,none named,DEA providers,Applies from 3 Jan 2018,"record data relating to the orders submitted by its DEA clients, including modifications and cancellations, the alerts generated by its monitoring systems and the modifications made to its filtering process",C217f8b25,,,Recordkeeping of modifications; no one is made responsible for them.
SEC Rule 15c3-5 (17 CFR 240.15c3-5),(b),"law, regulation or supervisory rule",yes,investment firm,"Establish, document and maintain risk management controls and supervisory procedures; keep written description in books and records",no,,none stated,no,none named,broker-dealers with market access,"75 FR 69825, 15 Nov 2010 (date printed in the text)","shall establish, document, and maintain a system of risk management controls and supervisory procedures reasonably designed to manage the financial, regulatory, and other risks of this business activity",C9e5e0522,,,
SEC Rule 15c3-5 (17 CFR 240.15c3-5),(c)(1)(i)-(ii),"law, regulation or supervisory rule",yes,investment firm,Pre-set credit/capital thresholds and price/size parameters that reject erroneous orders,no,,none stated,yes,none named,broker-dealers with market access,"75 FR 69825, 15 Nov 2010 (date printed in the text)",Prevent the entry of orders that exceed appropriate pre-set credit or capital thresholds in the aggregate for each customer and the broker or dealer,C9e5e0522,,,
SEC Rule 15c3-5 (17 CFR 240.15c3-5),(c)(2)(iii),"law, regulation or supervisory rule",yes,investment firm,Restrict access to trading systems to pre-approved and authorised persons and accounts,no,,none stated,no,none named,broker-dealers with market access,"75 FR 69825, 15 Nov 2010 (date printed in the text)",Restrict access to trading systems and technology that provide market access to persons and accounts pre-approved and authorized by the broker or dealer,C9e5e0522,,,
SEC Rule 15c3-5 (17 CFR 240.15c3-5),(c)(2)(iv),"law, regulation or supervisory rule",yes,investment firm,Appropriate surveillance personnel receive immediate post-trade execution reports,yes,appropriate surveillance personnel,none stated,no,none named,broker-dealers with market access,"75 FR 69825, 15 Nov 2010 (date printed in the text)",Assure that appropriate surveillance personnel receive immediate post-trade execution reports that result from market access.,C9e5e0522,,,
SEC Rule 15c3-5 (17 CFR 240.15c3-5),(d),"law, regulation or supervisory rule",yes,investment firm,Controls under direct and exclusive control of the broker-dealer; limited written allocation to a registered broker-dealer customer without relieving responsibility,no,,exclusive control by the firm; responsibility not delegable,yes,none named,broker-dealers with market access,"75 FR 69825, 15 Nov 2010 (date printed in the text)",shall be under the direct and exclusive control of the broker or dealer that is subject to paragraph (b) of this section,C9e5e0522,,,Firm-level control over who may change controls; no individual named.
SEC Rule 15c3-5 (17 CFR 240.15c3-5),(e)(1),"law, regulation or supervisory rule",yes,investment firm,Regular review of control effectiveness; annual documented review of market access business activity under written procedures,no,,none stated,yes,none named,broker-dealers with market access,"75 FR 69825, 15 Nov 2010 (date printed in the text)","shall review, no less frequently than annually, the business activity of the broker or dealer in connection with market access to assure the overall effectiveness of such risk management controls and supervisory procedures",C9e5e0522,,,
SEC Rule 15c3-5 (17 CFR 240.15c3-5),(e)(2),"law, regulation or supervisory rule",yes,investment firm,Annual certification that controls comply with (b) and (c) and that the review was done,yes,Chief Executive Officer (or equivalent officer),chief executive level,no,none named,broker-dealers with market access,"75 FR 69825, 15 Nov 2010 (date printed in the text)","The Chief Executive Officer (or equivalent officer) of the broker or dealer shall, on an annual basis, certify that such risk management controls and supervisory procedures comply with paragraphs (b) and (c) of this section",C9e5e0522,,,
FINRA Regulatory Notice 15-09 (algorithmic trading supervision),Effective practices: committee,supervisory guidance,no,investment firm,Cross-disciplinary committee that includes support and control functions to assess algorithmic risks,yes,cross-disciplinary committee,includes representation from outside trading,no,none named,FINRA member firms using algorithmic strategies,26 Mar 2015 (notice date),consider implementing a cross-disciplinary committee to assess and react to the evolving risks associated with algorithmic strategies,C07e09d04,,,"Suggested effective practices; not rules (""firms should consider"")."
FINRA Regulatory Notice 15-09 (algorithmic trading supervision),Effective practices: development,supervisory guidance,no,investment firm,"Development and change management process tracking new trading code and material changes, with test review and approval protocols",no,,none stated,yes,none named,FINRA member firms using algorithmic strategies,26 Mar 2015 (notice date),implementing a development and change management process that tracks the development of new trading code or material changes to existing code. An effective process should include a review of test results and a set of approval protocols,C07e09d04,,,"Suggested effective practices; not rules (""firms should consider"")."
FINRA Regulatory Notice 15-09 (algorithmic trading supervision),Effective practices: testing,supervisory guidance,no,investment firm,Quality assurance testing performed independently of code development,yes,independent testing (quality assurance) function,independent of code development,no,none named,FINRA member firms using algorithmic strategies,26 Mar 2015 (notice date),establishing a quality assurance process such that testing is performed independently of code development,C07e09d04,,,"Suggested effective practices; not rules (""firms should consider"")."
FINRA Regulatory Notice 15-09 (algorithmic trading supervision),Effective practices: post-production,supervisory guidance,no,investment firm,Document and periodically review risk-control parameter settings and make any parameter changes deemed appropriate,no,,none stated,yes,none named,FINRA member firms using algorithmic strategies,26 Mar 2015 (notice date),"documenting and periodically reviewing parameter settings for the firm's risk controls, and making any parameter changes deemed appropriate",C07e09d04,,,"Suggested effective practices; not rules (""firms should consider"")."
FINRA Regulatory Notice 15-09 (algorithmic trading supervision),Effective practices: kill,supervisory guidance,no,investment firm,Mechanism to disable an algorithm or platform quickly in few steps,no,,none stated,no,none named,FINRA member firms using algorithmic strategies,26 Mar 2015 (notice date),providing mechanisms by which the firm may quickly disable the algorithm or supporting platform with a minimal number of steps,C07e09d04,,,"Suggested effective practices; not rules (""firms should consider"")."
FINRA Regulatory Notice 15-09 (algorithmic trading supervision),Effective practices: compliance,supervisory guidance,no,investment firm,Communication between compliance staff and algorithm developers; periodic training of supervisory and compliance staff,yes,supervisory and compliance staff,none stated,no,none named,FINRA member firms using algorithmic strategies,26 Mar 2015 (notice date),implementing periodic training for supervisory and compliance staff related to the firm's policies and procedures regarding algorithmic strategies,C07e09d04,,,"Suggested effective practices; not rules (""firms should consider"")."
"FINRA Regulatory Notice 16-21 (NASD Rule 1032(f), Series 57)",Securities Trader registration,"law, regulation or supervisory rule",yes,investment firm,"Register as Securities Trader (pass Series 57) any associated person primarily responsible for design, development or significant modification of an algorithmic trading strategy, or for day-to-day supervision of it",yes,Securities Trader (registered person),must pass Series 57 exam; supervised by a registered Securities Trader or Securities Trader Principal,yes,"associated person primarily responsible for the design, development or significant modification of the algorithm, and the person supervising that work (registered Securities Trader)","FINRA member firms; equity, preferred and convertible debt algorithmic strategies",Beginning 30 Jan 2017 (SEC approval 7 Apr 2016; notice 6 Jun 2016),"each associated person who is primarily responsible for the design, development or significant modification of an algorithmic trading strategy relating to equity, preferred or convertible debt securities ... must pass the Series 57 exam",C6b47f19f,,,
"FINRA Regulatory Notice 16-21 (NASD Rule 1032(f), Series 57)",Supervisory assignment,"law, regulation or supervisory rule",yes,investment firm,Assign registered developers to a registered principal or representative responsible for supervising them,yes,Securities Trader Principal or Securities Trader,registered supervisor,no,none named,FINRA member firms,Beginning 30 Jan 2017,firms will be required to designate developers to registered persons,C6b47f19f,,,
PRA SS5/18 Algorithmic trading,2.2,supervisory guidance,no,investment firm,Governing body or risk committee approves the governance framework for algorithmic trading oversight,yes,governing body or risk committee,board level,no,none named,PRA-authorised firms engaged in algorithmic trading,Published 15 Jun 2018; expectations effective 30 Jun 2018 (per web page Ce06358c0),"the firm's governing body or, where applicable, its risk committee to approve the governance framework for the oversight of the firm's algorithmic trading",Cef3dde3f,,,Supervisory statement of PRA expectations.
PRA SS5/18 Algorithmic trading,2.3,supervisory guidance,no,investment firm,"Governance framework assigns ownership of algorithm and risk-control inventories and of kill-switch controls, and approval of algorithms",no,owners assigned by the governance framework,none stated,yes,none named,PRA-authorised firms engaged in algorithmic trading,Published 15 Jun 2018; expectations effective 30 Jun 2018 (per web page Ce06358c0),assigning ownership for the inventory of algorithms and risk controls,Cef3dde3f,,,Supervisory statement of PRA expectations.
PRA SS5/18 Algorithmic trading,2.5,supervisory guidance,no,investment firm,Management body identifies the Senior Management Function(s) responsible for algorithmic trading and records it in their Statement of Responsibilities,yes,Senior Management Function holder(s),senior management function,no,none named,PRA-authorised firms engaged in algorithmic trading,Published 15 Jun 2018; expectations effective 30 Jun 2018 (per web page Ce06358c0),The management body should identify the relevant Senior Management Function(s) (SMF(s)) with responsibility for algorithmic trading,Cef3dde3f,,,Supervisory statement of PRA expectations.
PRA SS5/18 Algorithmic trading,3.2-3.3,supervisory guidance,no,investment firm,Algorithm approval process: each algorithm has accountable owners; relevant functions sign off on risks before approval; significant changes not split to avoid approval,yes,"algorithm owner; Front Office, Risk Management and other control functions",sign-off by each relevant function,yes,"assigned owner of each algorithm; sign-off by Front Office, Risk Management and other control functions",PRA-authorised firms engaged in algorithmic trading,Published 15 Jun 2018; expectations effective 30 Jun 2018 (per web page Ce06358c0),"each algorithm to have assigned owners, who are accountable for the algorithm's use and performance",Cef3dde3f,,,Supervisory statement of PRA expectations.
PRA SS5/18 Algorithmic trading,5 (risk control inventory),supervisory guidance,no,investment firm,"Inventory of risk controls records current setting, who has authority to change the setting, and the control owner",yes,person with authority to change control setting; control owner,none stated,yes,person with authority to change the setting of the control; the control owner,PRA-authorised firms engaged in algorithmic trading,Published 15 Jun 2018; expectations effective 30 Jun 2018 (per web page Ce06358c0),detail who has authority to change the setting of the control,Cef3dde3f,,,Supervisory statement of PRA expectations.
PRA SS5/18 Algorithmic trading,6.4-6.5,supervisory guidance,no,investment firm,Risk Management function ensures controls it owns are updated; policy on who may alter controls in Front Office infrastructure on its instruction,yes,Risk Management function,function ownership of risk controls,yes,Risk Management function; person with authority following its instruction,PRA-authorised firms engaged in algorithmic trading,Published 15 Jun 2018; expectations effective 30 Jun 2018 (per web page Ce06358c0),"The Risk Management function is responsible for ensuring that all risk controls that it owns, including those located in Front Office infrastructure, are updated in line with its expectations.",Cef3dde3f,,,Supervisory statement of PRA expectations.
FCA Algorithmic Trading Compliance in Wholesale Markets (Feb 2018),5.7,supervisory guidance,no,investment firm,"Staff approving deployment, material amendment and monitoring of algorithms are in the Algorithmic Trading certification function",yes,Algorithmic Trading certification function holder,certified under the Senior Managers & Certification regime,yes,staff with responsibility for approving deployment and material amendment of trading algorithms (certification function),FCA-regulated firms using algorithmic trading,Feb 2018 (publication),"'Algorithmic Trading' is a certification function. This will cover staff with responsibility for approving the deployment, material amendment, and monitoring of trading algorithms.",Ceb232737,,,"Multi-firm review: good and poor practice, no new rules."
FCA Algorithmic Trading Compliance in Wholesale Markets (Feb 2018),Good practice: deployment,supervisory guidance,no,investment firm,Senior management delegate authorises deployment; change management procedures,yes,senior management delegate,senior management,yes,senior management delegate,FCA-regulated firms using algorithmic trading,Feb 2018 (publication),a senior management delegate to authorise deployment,Ceb232737,,,"Multi-firm review: good and poor practice, no new rules."
FCA Algorithmic Trading Compliance in Wholesale Markets (Feb 2018),4.9 (good practice),supervisory guidance,no,investment firm,Independent risk function oversees control limits; pre-authorised front-line staff adjust specific controls within levels pre-agreed with risk,yes,independent risk function; pre-authorised front-line staff,independent risk function,yes,independent risk function; pre-authorised front-line staff within pre-agreed levels,FCA-regulated firms using algorithmic trading,Feb 2018 (publication),Certain pre-authorised front-line staff are then allowed to adjust specific controls with levels pre-agreed with the risk function.,Ceb232737,,,"Multi-firm review: good and poor practice, no new rules."
FCA Multi-firm review of algorithmic trading controls: high-level observations,3.1.4,supervisory guidance,no,investment firm,Formal procedures for deploying algorithms and managing material changes; some firms require SMF approval of all changes,yes,Senior Management Function (practice at some firms),senior management function,yes,Senior Management Function (good practice at some firms),FCA-regulated principal trading firms and others using algorithmic trading,Not stated in text,"Some firms required all changes to algorithms, regardless of materiality, to be approved by a Senior Management Function (SMF).",C3db6f9c1,,,"States it creates no new requirements; ""must"" refers to existing requirements (RTS 6). Publication date not in the text file."
FCA Multi-firm review of algorithmic trading controls: high-level observations,3.3.1,supervisory guidance,no,investment firm,Policies must clearly define individuals responsible for managing pre-trade and post-trade controls,yes,individuals responsible for pre- and post-trade controls,none stated,yes,individuals with responsibility for managing pre-trade and post-trade controls,FCA-regulated principal trading firms and others using algorithmic trading,Not stated in text,Firms' policies and procedures must clearly define the individuals with responsibility for managing pre-trade and post-trade controls.,C3db6f9c1,,,"States it creates no new requirements; ""must"" refers to existing requirements (RTS 6). Publication date not in the text file."
FCA Multi-firm review of algorithmic trading controls: high-level observations,3.1.3,supervisory guidance,no,investment firm,Algorithm inventory states owner and individuals approved to operate each algorithm,yes,algorithm owner; individuals approved to operate,none stated,no,none named,FCA-regulated principal trading firms and others using algorithmic trading,Not stated in text,There was a clear indication of who owned and who was approved to operate each algorithm,C3db6f9c1,,,"States it creates no new requirements; ""must"" refers to existing requirements (RTS 6). Publication date not in the text file."
FCA Handbook SYSC 27.7 (certification functions),SYSC 27.7.3R item (8),"law, regulation or supervisory rule",yes,investment firm,Algorithmic trading is listed as an FCA certification function (staff in it must be certified),yes,Algorithmic trading (FCA certification function),certification by the firm,unclear,unclear,authorised persons under the certification regime,10 Dec 2018 (date on SYSC 27.7.3),the functions in the table in SYSC 27.7.3R are FCA certification functions ... (8) Algorithmic trading,C060d8f5f,,,"Only the list is in the file; the definition (SYSC 27.8.23R) is not, so scope of change duties is unclear."
EU AI Act (Reg 2024/1689),Art 4,"law, regulation or supervisory rule",yes,provider/developer; deployer/user firm,AI literacy of staff and others operating or using AI systems,no,,none stated,no,none named,providers and deployers of any AI system,2 Feb 2025 (Chapters I-II),"Providers and deployers of AI systems shall take measures to ensure, to their best extent, a sufficient level of AI literacy of their staff and other persons dealing with the operation and use of AI systems on their behalf",C9b1da45a,,,
EU AI Act (Reg 2024/1689),"Art 9(1)-(2),(8)","law, regulation or supervisory rule",yes,provider/developer,Continuous risk management system across lifecycle; testing before market/service against prior defined metrics,no,,none stated,no,none named,providers of high-risk AI systems,Chapter III Sections 1-3 apply from 2 Aug 2026 as enacted; Omnibus (Reg 2026/1744) moves to 2 Dec 2027 (Annex III systems) and 2 Aug 2028 (Annex I systems),"continuous iterative process planned and run throughout the entire lifecycle of a high-risk AI system, requiring regular systematic review and updating",C9b1da45a,,,
EU AI Act (Reg 2024/1689),Art 11(1),"law, regulation or supervisory rule",yes,provider/developer,Technical documentation drawn up before market and kept up to date,no,,none stated,no,none named,providers of high-risk AI systems,Chapter III Sections 1-3 apply from 2 Aug 2026 as enacted; Omnibus (Reg 2026/1744) moves to 2 Dec 2027 (Annex III systems) and 2 Aug 2028 (Annex I systems),The technical documentation of a high-risk AI system shall be drawn up before that system is placed on the market or put into service and shall be kept up-to date.,C9b1da45a,,,
EU AI Act (Reg 2024/1689),Art 12(1)-(2),"law, regulation or supervisory rule",yes,provider/developer,Systems must allow automatic event logging over lifetime for traceability,no,,none stated,no,none named,providers of high-risk AI systems (design duty),Chapter III Sections 1-3 apply from 2 Aug 2026 as enacted; Omnibus (Reg 2026/1744) moves to 2 Dec 2027 (Annex III systems) and 2 Aug 2028 (Annex I systems),High-risk AI systems shall technically allow for the automatic recording of events (logs) over the lifetime of the system.,C9b1da45a,,,
EU AI Act (Reg 2024/1689),"Art 14(1),(4)(d)-(e)","law, regulation or supervisory rule",yes,provider/developer; deployer/user firm,"Natural persons oversee the system, can override its output and stop it via a stop button",yes,natural persons assigned human oversight,"none stated here (competence, training, authority set in Art 26(2))",no,none named,providers (design) for deployers (use) of high-risk AI systems,Chapter III Sections 1-3 apply from 2 Aug 2026 as enacted; Omnibus (Reg 2026/1744) moves to 2 Dec 2027 (Annex III systems) and 2 Aug 2028 (Annex I systems),to intervene in the operation of the high-risk AI system or interrupt the system through a 'stop' button or a similar procedure that allows the system to come to a halt in a safe state,C9b1da45a,,,
EU AI Act (Reg 2024/1689),Art 14(5),"law, regulation or supervisory rule",yes,provider/developer; deployer/user firm,Separate verification by at least two competent natural persons before acting on remote biometric identification,yes,at least two natural persons,"competence, training and authority",no,none named,high-risk systems under Annex III point 1(a); provider measure constraining deployers,Chapter III Sections 1-3 apply from 2 Aug 2026 as enacted; Omnibus (Reg 2026/1744) moves to 2 Dec 2027 (Annex III systems) and 2 Aug 2028 (Annex I systems),"separately verified and confirmed by at least two natural persons with the necessary competence, training and authority",C9b1da45a,,,
EU AI Act (Reg 2024/1689),"Art 17(1)(a),(i)","law, regulation or supervisory rule",yes,provider/developer,Quality management system incl. procedures for managing modifications and for reporting serious incidents,no,,none stated,yes,none named,"providers of high-risk AI systems (financial institutions deemed compliant via internal governance, except Art 17(1)(g)-(i))",Chapter III Sections 1-3 apply from 2 Aug 2026 as enacted; Omnibus (Reg 2026/1744) moves to 2 Dec 2027 (Annex III systems) and 2 Aug 2028 (Annex I systems),procedures for the management of modifications to the high-risk AI system,C9b1da45a,,,
EU AI Act (Reg 2024/1689),Art 17(1)(m),"law, regulation or supervisory rule",yes,provider/developer,Accountability framework allocating responsibilities of management and other staff,no,,none stated,no,none named,providers of high-risk AI systems,Chapter III Sections 1-3 apply from 2 Aug 2026 as enacted; Omnibus (Reg 2026/1744) moves to 2 Dec 2027 (Annex III systems) and 2 Aug 2028 (Annex I systems),an accountability framework setting out the responsibilities of the management and other staff with regard to all the aspects listed in this paragraph,C9b1da45a,,,
EU AI Act (Reg 2024/1689),Art 25(1)(b),"law, regulation or supervisory rule",yes,deployer/user firm; provider/developer,A deployer that substantially modifies a high-risk system becomes its provider with provider duties,no,,none stated,no,none named,"deployers, distributors, importers",Chapter III Sections 1-3 apply from 2 Aug 2026 as enacted; Omnibus (Reg 2026/1744) moves to 2 Dec 2027 (Annex III systems) and 2 Aug 2028 (Annex I systems),they make a substantial modification to a high-risk AI system that has already been placed on the market or has already been put into service,C9b1da45a,,,Reclassification of who is the provider; not a change-control duty.
EU AI Act (Reg 2024/1689),Art 26(1),"law, regulation or supervisory rule",yes,deployer/user firm,Technical and organisational measures to use the system per its instructions,no,,none stated,no,none named,deployers of high-risk AI systems,Chapter III Sections 1-3 apply from 2 Aug 2026 as enacted; Omnibus (Reg 2026/1744) moves to 2 Dec 2027 (Annex III systems) and 2 Aug 2028 (Annex I systems),Deployers of high-risk AI systems shall take appropriate technical and organisational measures to ensure they use such systems in accordance with the instructions for use,C9b1da45a,,,
EU AI Act (Reg 2024/1689),Art 26(2),"law, regulation or supervisory rule",yes,deployer/user firm,"Assign human oversight to natural persons with competence, training, authority and support",yes,natural persons assigned human oversight,"competence, training and authority",no,none named,deployers of high-risk AI systems,Chapter III Sections 1-3 apply from 2 Aug 2026 as enacted; Omnibus (Reg 2026/1744) moves to 2 Dec 2027 (Annex III systems) and 2 Aug 2028 (Annex I systems),"Deployers shall assign human oversight to natural persons who have the necessary competence, training and authority, as well as the necessary support.",C9b1da45a,,,
EU AI Act (Reg 2024/1689),Art 26(5),"law, regulation or supervisory rule",yes,deployer/user firm,Monitor operation; inform provider and authority and suspend use on risk; report serious incidents,no,,none stated,no,none named,deployers of high-risk AI systems (financial institutions deemed compliant via internal governance),Chapter III Sections 1-3 apply from 2 Aug 2026 as enacted; Omnibus (Reg 2026/1744) moves to 2 Dec 2027 (Annex III systems) and 2 Aug 2028 (Annex I systems),"they shall, without undue delay, inform the provider or distributor and the relevant market surveillance authority, and shall suspend the use of that system",C9b1da45a,,,
EU AI Act (Reg 2024/1689),Art 26(6),"law, regulation or supervisory rule",yes,deployer/user firm,Keep automatically generated logs at least six months,no,,none stated,no,none named,deployers of high-risk AI systems,Chapter III Sections 1-3 apply from 2 Aug 2026 as enacted; Omnibus (Reg 2026/1744) moves to 2 Dec 2027 (Annex III systems) and 2 Aug 2028 (Annex I systems),Deployers of high-risk AI systems shall keep the logs automatically generated by that high-risk AI system,C9b1da45a,,,
EU AI Act (Reg 2024/1689),Art 26(7),"law, regulation or supervisory rule",yes,deployer/user firm,Employers inform workers' representatives and affected workers before workplace use,no,,none stated,no,none named,deployers who are employers,Chapter III Sections 1-3 apply from 2 Aug 2026 as enacted; Omnibus (Reg 2026/1744) moves to 2 Dec 2027 (Annex III systems) and 2 Aug 2028 (Annex I systems),deployers who are employers shall inform workers' representatives and the affected workers that they will be subject to the use of the high-risk AI system,C9b1da45a,,,
EU AI Act (Reg 2024/1689),Art 27(1)-(2),"law, regulation or supervisory rule",yes,deployer/user firm,"Fundamental rights impact assessment before deployment, incl. description of human oversight measures and internal governance; update if elements change",no,,none stated,no,none named,"deployers that are public bodies or private entities providing public services, and deployers of Annex III 5(b)-(c) systems (credit scoring, insurance pricing)",Chapter III Sections 1-3 apply from 2 Aug 2026 as enacted; Omnibus (Reg 2026/1744) moves to 2 Dec 2027 (Annex III systems) and 2 Aug 2028 (Annex I systems),"a description of the implementation of human oversight measures, according to the instructions for use",C9b1da45a,,,
EU AI Act (Reg 2024/1689),Art 43(4),"law, regulation or supervisory rule",yes,provider/developer,New conformity assessment after a substantial modification,no,,none stated,yes,none named,providers of high-risk AI systems,Chapter III Sections 1-3 apply from 2 Aug 2026 as enacted; Omnibus (Reg 2026/1744) moves to 2 Dec 2027 (Annex III systems) and 2 Aug 2028 (Annex I systems),shall undergo a new conformity assessment procedure in the event of a substantial modification,C9b1da45a,,,
EU AI Act (Reg 2024/1689),Art 72(1)-(3),"law, regulation or supervisory rule",yes,provider/developer,Post-market monitoring system and plan collecting performance data over lifetime,no,,none stated,no,none named,providers of high-risk AI systems,2 Aug 2026 as enacted (Chapter IX); Omnibus text read does not move it,Providers shall establish and document a post-market monitoring system in a manner that is proportionate to the nature of the AI technologies and the risks of the high-risk AI system.,C9b1da45a,,,
EU AI Act (Reg 2024/1689),Art 73(1)-(4),"law, regulation or supervisory rule",yes,provider/developer,"Report serious incidents to market surveillance authorities within 15, 10 or 2 days",no,,none stated,no,none named,providers (and deployers aware of incident),2 Aug 2026 as enacted (Chapter IX); Omnibus text read does not move it,Providers of high-risk AI systems placed on the Union market shall report any serious incident to the market surveillance authorities of the Member States where that incident occurred.,C9b1da45a,,,
EU AI Act Digital Omnibus (Reg 2026/1744),Art 1(5) replacing AI Act Art 4,"law, regulation or supervisory rule",yes,provider/developer; deployer/user firm,"AI literacy softened to ""support the development of"" literacy; no guarantee of a specific level for any individual",no,,none stated,no,none named,providers and deployers of AI systems,Enters into force third day after OJ publication (signed 8 Jul 2026; publication date not in text read),This obligation does not require providers or deployers to guarantee any specific level of AI literacy of any individual.,C8b5bc20b,,"AI Act Art 4 (2 Feb 2025) required ""a sufficient level"" of literacy; Omnibus replaces it with a duty to ""support the development of"" literacy.",
EU AI Act Digital Omnibus (Reg 2026/1744),Art 1(40) amending AI Act Art 113(c),"law, regulation or supervisory rule",yes,provider/developer; deployer/user firm,Postpones high-risk obligations (incl. deployer oversight and QMS) to 2 Dec 2027 and 2 Aug 2028,no,,none stated,no,none named,providers and deployers of high-risk AI systems,Enters into force third day after OJ publication,2 December 2027 as regards AI systems classified as high-risk pursuant to Article 6(2) and Annex III; and (ii) 2 August 2028 as regards AI systems classified as high-risk pursuant to Article 6(1) and Annex I,C8b5bc20b,,,
EU AI Act Digital Omnibus (Reg 2026/1744),Art 1(26) amending AI Act Art 63(1),"law, regulation or supervisory rule",yes,provider/developer,SMEs may satisfy parts of the quality management system in simplified manner,no,,none stated,no,none named,SMEs providing high-risk AI systems,Enters into force third day after OJ publication,"SMEs, including start-ups, may comply with certain elements of the quality management system required by Article 17 in a simplified manner",C8b5bc20b,,,
"Colorado SB26-189 (C.R.S. 6-1-1701 to 6-1-1707), signed act","6-1-1701(15), 6-1-1705(1)(a)(II)","law, regulation or supervisory rule",yes,deployer/user firm,"Meaningful human review: individual designated by the deployer, with authority to approve, modify or override the decision, trained, not defaulting to system output",yes,individual designated by the deployer,"authority to approve, modify or override; trained",no,none named,"deployers of covered ADMT in consequential decisions (employment, lending, insurance, housing, health care, education, government services)","Approved 14 May 2026; takes effect 1 Jan 2027, applies to decisions on or after that date","MEANINGFUL HUMAN REVIEW MEANS REVIEW BY A INDIVIDUAL DESIGNATED BY THE DEPLOYER WHO HAS AUTHORITY TO APPROVE, MODIFY, OR OVERRIDE A CONSEQUENTIAL DECISION",CO-SB26-189-act,,,Statute text is in capitals in the source.
"Colorado SB26-189 (C.R.S. 6-1-1701 to 6-1-1707), signed act",6-1-1702(2),"law, regulation or supervisory rule",yes,provider/developer,"Developer notifies each deployer of material updates, substantial modifications and changes to intended use, limitations or risk mitigation",no,,none stated,yes,none named,developers of covered ADMT,"Approved 14 May 2026; takes effect 1 Jan 2027, applies to decisions on or after that date","A DEVELOPER SHALL PROVIDE TO EACH DEPLOYER OF A COVERED ADMT DEVELOPED BY THE DEVELOPER A NOTICE OF MATERIAL UPDATES, INTENTIONAL AND SUBSTANTIAL MODIFICATIONS",CO-SB26-189-act,,,"""Material update"" is defined to include model parameters and default settings (6-1-1701(14))."
"Colorado SB26-189 (C.R.S. 6-1-1701 to 6-1-1707), signed act",6-1-1703,"law, regulation or supervisory rule",yes,deployer/user firm,"Retain records for at least three years; may include ADMT version identifiers, changelogs and documentation of material mitigation changes",no,,none stated,no,none named,deployers of covered ADMT,"Approved 14 May 2026; takes effect 1 Jan 2027, applies to decisions on or after that date","RECORDS MAY INCLUDE, AS APPLICABLE, COVERED ADMT VERSION IDENTIFIERS, CHANGELOGS, AND DOCUMENTATION OF MATERIAL MITIGATION CHANGES",CO-SB26-189-act,,,"Changelogs are optional (""may include""); recordkeeping only."
NERC PER-005-2 Operations Personnel Training,R1 (1.1-1.4),"law, regulation or supervisory rule",yes,grid entity,"Systematic training program for System Operators: documented task list, annual review, annual evaluation with changes implemented",yes,System Operators,"trained to a systematic, evaluated programme",no,none named,"Reliability Coordinators, Balancing Authorities, Transmission Operators","First day of first calendar quarter 24 months after regulatory approval; FERC approved 19 Jun 2014 (version history), so about 1 Jul 2016 (computed, not stated)",shall conduct an evaluation each calendar year of the training program established in Requirement R1 to identify any needed changes to the training program and shall implement the changes identified,Cb1d56448,,,
NERC PER-005-2 Operations Personnel Training,R2,"law, regulation or supervisory rule",yes,grid entity,Same systematic training for Transmission Owner real-time personnel,yes,Transmission Owner personnel who can act independently in real time,as R1,no,none named,Transmission Owners with such personnel,"First day of first calendar quarter 24 months after regulatory approval; FERC approved 19 Jun 2014 (version history), so about 1 Jul 2016 (computed, not stated)",Each Transmission Owner shall use a systematic approach to develop and implement a training program for its personnel identified in Applicability Section 4.1.4.1 of this standard,Cb1d56448,,,
NERC PER-005-2 Operations Personnel Training,R3 (3.1),"law, regulation or supervisory rule",yes,grid entity,Verify personnel capability on each real-time task; within six months of a modified or added task,yes,personnel assigned real-time tasks,capability verified,no,none named,"Reliability Coordinators, Balancing Authorities, Transmission Operators, Transmission Owners","First day of first calendar quarter 24 months after regulatory approval; FERC approved 19 Jun 2014 (version history), so about 1 Jul 2016 (computed, not stated)",Within six months of a modification or addition of a BES company-specific Real-time reliability-related task,Cb1d56448,,,
NERC PER-005-2 Operations Personnel Training,R4,"law, regulation or supervisory rule",yes,grid entity,Emergency operations training with simulation where entity has IROL authority,yes,System Operators and personnel under R1/R2,simulation training,no,none named,entities with IROL authority,"First day of first calendar quarter 24 months after regulatory approval; FERC approved 19 Jun 2014 (version history), so about 1 Jul 2016 (computed, not stated)",shall provide its personnel identified in Requirement R1 or Requirement R2 with emergency operations training using simulation technology,Cb1d56448,,,
NERC PER-005-2 Operations Personnel Training,R5,"law, regulation or supervisory rule",yes,grid entity,Training for Operations Support Personnel on how their jobs affect real-time tasks,yes,Operations Support Personnel,as R1,no,none named,"Reliability Coordinators, Balancing Authorities, Transmission Operators","First day of first calendar quarter 24 months after regulatory approval; FERC approved 19 Jun 2014 (version history), so about 1 Jul 2016 (computed, not stated)",shall use a systematic approach to develop and implement training for its identified Operations Support Personnel,Cb1d56448,,,
NERC PER-005-2 Operations Personnel Training,R6,"law, regulation or supervisory rule",yes,grid entity,Training for generator dispatch personnel,yes,Generator Operator dispatch personnel,as R1,no,none named,Generator Operators,"First day of first calendar quarter 24 months after regulatory approval; FERC approved 19 Jun 2014 (version history), so about 1 Jul 2016 (computed, not stated)",shall use a systematic approach to develop and implement training to its personnel identified in Applicability Section 4.1.5.1,Cb1d56448,,,
NERC PER-003-2 Operating Personnel Credentials,R1-R3,"law, regulation or supervisory rule",yes,grid entity,Staff real-time operating positions with System Operators holding a valid NERC certificate; non-certified staff work under a certified System Operator who holds ultimate responsibility,yes,NERC-certified System Operator,"NERC certification (Reliability Operator, Balancing/Interchange/Transmission Operator or similar)",no,none named,"Reliability Coordinators, Transmission Operators, Balancing Authorities",Version 2 adopted 10 May 2018; FERC approved 21 Nov 2018 (version history); text says see Implementation Plan,Each Reliability Coordinator shall staff its Real-time operating positions performing Reliability Coordinator reliability-related tasks with System Operators who have demonstrated minimum competency,C84c34c54,,,PER-003-1 (C89b84182) and PER-003-0 (Cc067ee19) were not retrieved (HTTP 404).
NIST AI RMF 1.0 (AI 100-1),GOVERN 2.1,voluntary standard or framework,no,other,"Documented roles, responsibilities and lines of communication for mapping, measuring and managing AI risks",no,,none stated,no,none named,"any organization designing, developing or deploying AI",January 2023 (voluntary),"Roles and responsibilities and lines of communi cation related to mapping, measuring, and managing AI risks are documented and are clear to individuals and teams throughout the organization.",C88fe07c0,,,Quote joined across table lines (interleaved columns in PDF text).
NIST AI RMF 1.0 (AI 100-1),GOVERN 2.2,voluntary standard or framework,no,other,AI risk management training for personnel and partners,no,,none stated,no,none named,"any organization designing, developing or deploying AI",January 2023 (voluntary),The organization's personnel and partners receive AI risk management training to enable them to perform their du ties and responsibilities,C88fe07c0,,,Quote joined across table lines.
NIST AI RMF 1.0 (AI 100-1),GOVERN 2.3,voluntary standard or framework,no,other,Executive leadership takes responsibility for decisions on AI development and deployment risk,yes,executive leadership,executive level,no,none named,"any organization designing, developing or deploying AI",January 2023 (voluntary),Executive leadership of the organization takes re sponsibility for decisions about risks associated with AI system development and deployment.,C88fe07c0,,,Quote joined across table lines.
NIST AI RMF 1.0 (AI 100-1),GOVERN 3.2,voluntary standard or framework,no,other,Policies defining roles for human-AI configurations and oversight of AI systems,no,,none stated,no,none named,"any organization designing, developing or deploying AI",January 2023 (voluntary),Policies and procedures are in place to define and differentiate roles and responsibilities for human-AI configura tions and oversight of AI systems.,C88fe07c0,,,Quote joined across table lines.
NIST AI RMF 1.0 (AI 100-1),GOVERN 1.5,voluntary standard or framework,no,other,Ongoing monitoring and periodic review with clearly defined roles and review frequency,no,,none stated,no,none named,"any organization designing, developing or deploying AI",January 2023 (voluntary),"Ongoing monitoring and periodic review of the risk management process and its outcomes are planned and or ganizational roles and responsibilities clearly defined, including determining the frequency of periodic review.",C88fe07c0,,,Quote joined across table lines.
NIST AI RMF 1.0 (AI 100-1),GOVERN 4.3,voluntary standard or framework,no,other,"Practices enabling AI testing, incident identification and information sharing",no,,none stated,no,none named,"any organization designing, developing or deploying AI",January 2023 (voluntary),"Organizational practices are in place to enable AI testing, identification of incidents, and information sharing.",C88fe07c0,,,
NIST AI RMF 1.0 (AI 100-1),MAP 3.5,voluntary standard or framework,no,other,"Defined, assessed and documented processes for human oversight",no,,none stated,no,none named,"any organization designing, developing or deploying AI",January 2023 (voluntary),"Processes for human oversight are defined, assessed, and documented in accordance with organizational policies from the GOVERN function.",C88fe07c0,,,
NIST AI RMF 1.0 (AI 100-1),MANAGE 4.1,voluntary standard or framework,no,other,"Post-deployment monitoring plans incl. appeal and override, decommissioning, incident response, recovery and change management",no,,none stated,yes,none named,"any organization designing, developing or deploying AI",January 2023 (voluntary),"appeal and override, decommissioning, incident response, recovery, and change management",C88fe07c0,,,"""Change management"" is one item in a list; no owner. Quote joined across table lines."
NIST AI RMF 1.0 (AI 100-1),MANAGE 4.3,voluntary standard or framework,no,other,Incidents and errors communicated and tracked,no,,none stated,no,none named,"any organization designing, developing or deploying AI",January 2023 (voluntary),"Incidents and errors are communicated to relevant AI actors, including affected communities.",C88fe07c0,,,Quote joined across table lines.
NIST AI 600-1 Generative AI Profile,GV-4.1-003,voluntary standard or framework,no,other,"Oversight functions (e.g., senior leadership, legal, compliance, internal evaluation) across the GAI lifecycle",no,senior leadership; legal; compliance; internal evaluation,none stated,no,none named,organizations using generative AI,July 2024 (voluntary; approved 25 Jul 2024),"Establish policies, procedures, and processes for oversight functions (e.g., senior leadership, legal, compliance, including internal evaluation) across the GAI lifecycle",C4c17f4ad,,,Quote joined across table lines.
NIST AI 600-1 Generative AI Profile,GV-1.6-003,voluntary standard or framework,no,other,Inventory entries record human oversight roles and responsibilities,no,,none stated,no,none named,organizations using generative AI,July 2024 (voluntary; approved 25 Jul 2024),Human oversight roles and responsibilities,C4c17f4ad,,,Quote joined across table lines.
NIST AI 600-1 Generative AI Profile,MS-4.2-005,voluntary standard or framework,no,other,"Verify and document that structured public feedback is incorporated into design, deployment approval (go/no-go), monitoring and decommission decisions",no,,none stated,no,none named,organizations using generative AI,July 2024 (voluntary; approved 25 Jul 2024),deployment approval (“go”/“no-go” decisions),C4c17f4ad,,,Quote joined across table lines; partial.
NIST AI 600-1 Generative AI Profile,GV-2.1-003,voluntary standard or framework,no,other,Verify that AI actors doing incident response keep skills and training,no,,none stated,no,none named,organizations using generative AI,July 2024 (voluntary; approved 25 Jul 2024),Establish processes to verify the AI Actors conducting GAI incident response tasks demonstrate and maintain the appropriate skills and training.,C4c17f4ad,,,Quote joined across table lines.
Amazon Business Solutions Agreement update / Agent Policy (forum notice only),BSA update (Agent Policy),platform or commercial rule,yes,platform seller,"AI agents must identify themselves as automated systems, follow the Agent Policy and cease access when Amazon asks",no,,none stated,no,none named,sellers and operators of AI agents or automated software accessing Amazon Services,4 Mar 2026,Cease access if Amazon requests,C2b7df1f2,,,Policy text itself is not in the file.
Anthropic Responsible Scaling Policy,Responsible Scaling Officer,lab self-policy,no,lab itself,"Designated member of staff responsible for implementing the policy: approves development/deployment decisions, oversees implementation and resources, handles noncompliance reports, reviews major contracts, interprets the policy",yes,Responsible Scaling Officer (RSO),designated member of staff; from v2.0 the RSO may notify the Board directly,no,none named,Anthropic,Latest version v3.4 effective 8 Jul 2026 (first version 19 Sep 2023),"We will maintain the position of RSO, a designated member of staff who is responsible for the implementation of this policy.",Cf9d2715e,"v1.0 (Ce1250697, 19 Sep 2023); v2.0 (Cf8fee27a, 15 Oct 2024); v2.1 (Cd3aaca50, 31 Mar 2025); v2.2 (C72290590, 14 May 2025); v3.0 (Cda62cdfa, 24 Feb 2026); v3.1 (C61ac2283, 2 Apr 2026); v3.2 (C6ec8fdac, 29 Apr 2026); v3.3 (Cd06596d1, 26 May 2026); v3.4 (Cf9d2715e, 8 Jul 2026)","v1.0: RSO ensures commitments are executed and reports quarterly to board and LTBT. v2.0: duties listed (propose updates to Board, approve training or deployment, review contracts, oversee resources, receive noncompliance reports, notify Board of material noncompliance, interpret). v3.0: notifying the Board moves from an RSO duty into the noncompliance process; wording becomes ""development or deployment decisions"". v3.1-3.4: unchanged in substance.",
Anthropic Responsible Scaling Policy,CEO and RSO approval of risk reports and deployment,lab self-policy,no,lab itself,CEO and RSO give final review and approval of capability/safeguards reports (v2) or Risk Reports (v3) and of downstream deployment or development plans; Board and LTBT approval required if marginal-risk analysis is decisive (v3),yes,CEO and Responsible Scaling Officer,chief executive plus RSO; Board and LTBT notified (v3.0+) or approve in marginal-risk cases,no,none named,Anthropic,Latest version v3.4 effective 8 Jul 2026 (first version 19 Sep 2023),will be sent to the CEO and Responsible Scaling Officer (RSO) for final review and approval,Cf9d2715e,v2.0 (Cf8fee27a); v2.1 (Cd3aaca50); v2.2 (C72290590); v3.0 (Cda62cdfa); v3.1 (C61ac2283); v3.2 (C6ec8fdac); v3.3 (Cd06596d1); v3.4 (Cf9d2715e),"Absent in v1.0. v2.0-2.2: Capability Report and Safeguards Report escalated to CEO and RSO. v3.0: single Risk Report to CEO and RSO, then shared with Board and LTBT; Board and LTBT must approve where marginal risk analysis plays a major role.",
Anthropic Responsible Scaling Policy,Policy changes,lab self-policy,no,lab itself,Policy changes proposed by CEO and RSO and approved by the Board in consultation with the LTBT,yes,CEO; Responsible Scaling Officer; Board of Directors; Long-Term Benefit Trust (consulted),Board approval; external trust consulted,yes,"Board of Directors (approves, in consultation with the LTBT); CEO and Responsible Scaling Officer (propose)",Anthropic,Latest version v3.4 effective 8 Jul 2026 (first version 19 Sep 2023),"Changes to the RSP will be proposed by the CEO and RSO, and approved by the Board in consultation with the LTBT.",Cf9d2715e,"v1.0 (Ce1250697, 19 Sep 2023); v2.0 (Cf8fee27a, 15 Oct 2024); v2.1 (Cd3aaca50, 31 Mar 2025); v2.2 (C72290590, 14 May 2025); v3.0 (Cda62cdfa, 24 Feb 2026); v3.1 (C61ac2283, 2 Apr 2026); v3.2 (C6ec8fdac, 29 Apr 2026); v3.3 (Cd06596d1, 26 May 2026); v3.4 (Cf9d2715e, 8 Jul 2026)","v1.0: ""Update Process"" with approval by the board of directors after consulting the LTBT. v2.0: adds CEO and RSO as proposers. v3.0-3.4: same, wording shortened to RSP/RSO. v3.2: LTBT also approves selection of external reviewers of Risk Reports.",
Anthropic Responsible Scaling Policy,Noncompliance reporting,lab self-policy,no,lab itself,Staff can report potential noncompliance anonymously; reports go to the RSO or to an executive who does not report to the RSO; Board member receives reports about the RSO; quarterly Board updates,yes,Responsible Scaling Officer; executive not reporting to RSO; Board member,independence: recipient outside the RSO reporting line; Board member where report concerns RSO,no,none named,Anthropic,Latest version v3.4 effective 8 Jul 2026 (first version 19 Sep 2023),at least one executive who does not report to the RSO,Cf9d2715e,"v1.0 (Ce1250697, 19 Sep 2023); v2.0 (Cf8fee27a, 15 Oct 2024); v2.1 (Cd3aaca50, 31 Mar 2025); v2.2 (C72290590, 14 May 2025); v3.0 (Cda62cdfa, 24 Feb 2026); v3.1 (C61ac2283, 2 Apr 2026); v3.2 (C6ec8fdac, 29 Apr 2026); v3.3 (Cd06596d1, 26 May 2026); v3.4 (Cf9d2715e, 8 Jul 2026)","v1.0: commitment to adopt a noncompliance policy with anonymous feedback and a reporting chain as part of ASL-3. v2.0-2.2: staff may anonymously notify the RSO. v3.0: independent executive channel, Board member where report concerns RSO, quarterly Board updates and anti-retaliation added. v3.1-3.4: unchanged.",
Anthropic Responsible Scaling Policy,Third-party procedural compliance review,lab self-policy,no,lab itself,Annual third-party review of whether Anthropic adhered to the policy's main procedural commitments,yes,third-party reviewer,independent external reviewer,no,none named,Anthropic,Latest version v3.4 effective 8 Jul 2026 (first version 19 Sep 2023),we will commission a third-party review that assesses whether we adhered to this policy's main procedural commitments,Cf9d2715e,v2.0 (Cf8fee27a); v2.1 (Cd3aaca50); v2.2 (C72290590); v3.0 (Cda62cdfa); v3.1 (C61ac2283); v3.2 (C6ec8fdac); v3.3 (Cd06596d1); v3.4 (Cf9d2715e),Absent in v1.0. v2.x: annual third-party review plus more frequent internal reviews. v3.x: annual third-party review of procedural compliance only.,
Anthropic Responsible Scaling Policy,Readiness for incident scenarios,lab self-policy,no,lab itself,"Internal safety procedures and exercises for incident scenarios (pausing training, model-weight security incident, severe jailbreaks)",no,,none stated,no,none named,Anthropic,v2.0 15 Oct 2024 to v2.2 14 May 2025,We will develop internal safety procedures for incident scenarios.,C72290590,v2.0 (Cf8fee27a); v2.1 (Cd3aaca50); v2.2 (C72290590),Appears in v2.0-2.2 only; not present as a numbered governance commitment in v3.0-3.4.,
OpenAI Preparedness Framework v2,Safety Advisory Group,lab self-policy,no,lab itself,"Cross-functional Safety Advisory Group oversees the framework, reviews each covered deployment and recommends safeguards",yes,Safety Advisory Group (SAG); SAG Chair,"leaders appointed by OpenAI Leadership for one-year terms; cannot ""filibuster"" Leadership decisions",no,none named,OpenAI,15 Apr 2025 (Version 2),"The Safety Advisory Group (SAG) is responsible for: Overseeing the effective design, implementation, and adherence to the Preparedness Framework",C3c1aad5c,v2 (C3c1aad5c); earlier version not in corpus,Only version 2 in the corpus.,
OpenAI Preparedness Framework v2,OpenAI Leadership,lab self-policy,no,lab itself,"CEO or designee makes all final decisions incl. accepting residual risk and deployment go/no-go, and resources the framework",yes,OpenAI Leadership (CEO or designee),chief executive level,no,none named,OpenAI,15 Apr 2025 (Version 2),"Making all final decisions, including accepting any residual risks and making deployment go/no-go decisions, informed by SAG's recommendations.",C3c1aad5c,v2 (C3c1aad5c); earlier version not in corpus,Only version 2 in the corpus.,
OpenAI Preparedness Framework v2,Board Safety and Security Committee,lab self-policy,no,lab itself,Board committee has visibility and can review decisions and reverse them,yes,Safety and Security Committee of the Board,board level; may reverse a decision,no,none named,OpenAI,15 Apr 2025 (Version 2),"Where necessary, the Board may reverse a decision and/or mandate a revised course of action.",C3c1aad5c,v2 (C3c1aad5c); earlier version not in corpus,Only version 2 in the corpus.,
OpenAI Preparedness Framework v2,Updates to the framework,lab self-policy,no,lab itself,SAG reviews proposed framework changes; annual sufficiency review; fast-track for urgent risks,yes,Safety Advisory Group; OpenAI Leadership,SAG recommends; Leadership decides,yes,OpenAI Leadership (final decisions); SAG reviews proposed changes,OpenAI,15 Apr 2025 (Version 2),The SAG reviews proposed changes to the Preparedness Framework and makes a recommendation that is processed according to the standard decision-making process.,C3c1aad5c,v2 (C3c1aad5c); earlier version not in corpus,Only version 2 in the corpus.,
Google DeepMind Frontier Safety Framework,Governance body approval of response plans and safety cases,lab self-policy,no,lab itself,"Corporate governance body (v2.0 names AGI Safety Council, Responsibility and Safety Council, Trust & Compliance Council) approves response plans and the safety case before deployment",yes,appropriate corporate governance body/function (v2.0 names councils),body-level approval,no,none named,Google DeepMind,Latest v3.1 published 17 Apr 2026 (v1.0 17 May 2024),external deployments of a model take place only after the appropriate governance function determines the safety case regarding each CCL,Cd899a8f2,v2.0 (Cf018b703); v3.0 (Cd899a8f2); v3.1 (Ce9065d39),"v1.0: no governance body named. v2.0: ""appropriate corporate governance body"" and three named councils approve response plans; AGI Safety Council reviews implementation. v3.0: councils no longer named; ""appropriate governance function"" determines safety case. v3.1: same wording extended to internal and trusted-tester deployments.",
Google DeepMind Frontier Safety Framework,Framework review and updates,lab self-policy,no,lab itself,Framework reviewed at least annually (v3.1); updated version and framework assessment reviewed by corporate governance bodies,yes,appropriate corporate governance bodies,body-level review,yes,appropriate corporate governance bodies (review of the updated version),Google DeepMind,Latest v3.1 published 17 Apr 2026 (v1.0 17 May 2024),The updated version and framework assessment will be reviewed by the appropriate corporate governance bodies.,Ce9065d39,v1.0 (C25f47316); v2.0 (Cf018b703); v3.0 (Cd899a8f2); v3.1 (Ce9065d39),"v1.0: ""reviewed periodically"". v2.0: AGI Safety Council periodically reviews implementation. v3.0: updated version reviewed by governance bodies. v3.1: annual review at least, plus adherence assessment.",
Google DeepMind Frontier Safety Framework,Governance structure and escalation,lab self-policy,no,lab itself,"Responsibilities for assessing and mitigating risks allocated across all levels, with legal, compliance and safety reviews and escalation procedures",no,,escalation procedures,no,none named,Google DeepMind,Latest v3.1 published 17 Apr 2026 (v1.0 17 May 2024),Responsibilities for assessing and mitigating risks are clearly defined and allocated across all levels of the organization.,Ce9065d39,v3.1 (Ce9065d39),New in v3.1 (17 Apr 2026); not in v1.0-v3.0.,
