claim_id,file,line,section,claim_text,claim_type,url_scope,urls,corpus_ids,statuses,acquisition,internal_refs
CL0198,results/industry-2026-10-10/findings.md,9,1. Which industry,"Two scorers, working independently from ten cited fact sheets, ranked algorithmic and electronic trading first (59.5 of 64) and electricity grid operation second (57.0); commercial aviation (54.0) and retail banking (52.5) followed.",number,none,,,,no-url,scoring.md
CL0199,results/industry-2026-10-10/findings.md,9,1. Which industry,Hospital clinical care ranked last (39.0): physicians own the decisions and software rarely acts on its own.,number,none,,,,no-url,scoring.md
CL0200,results/industry-2026-10-10/findings.md,9,1. Which industry,Agreement: rank correlation 0.85; identical cell scores 80%; every cell within one point (scoring.md).,number,none,,,,no-url,scoring.md
CL0201,results/industry-2026-10-10/findings.md,9,1. Which industry,"Seventeen and fifteen of 80 cells were thin, mostly D5 (which functions sign off a rule change), which no fact sheet could document well.",number,none,,,,no-url,scoring.md
CL0202,results/industry-2026-10-10/findings.md,23,"2. Hypotheses, against the pre-registered tests (revised after the red team)","H-lever | Not supported as stated. In trading the test could hardly fail (levers are coded from 1987–89), and it leaned on lever types added during coding (exchange rule, industry body, gatekeeper rule). In the grid, voluntary industry bodies (UCPTE …",date,none,,,,no-url,counterexamples.md;red-team.md;timeline-*.csv
CL0203,results/industry-2026-10-10/findings.md,24,"2. Hypotheses, against the pre-registered tests (revised after the red team)","H-layers | Refuted by its own test. The counter-example search found three moderate-to-strong cases of individuals owning cross-functional rule decisions (Mozilla's root store manager, Progressive's state product managers, Wikipedia's edit-filter managers); the test needed two. The trading rows also disagree …",characterisation,none,,,,no-url,
CL0204,results/industry-2026-10-10/findings.md,25,"2. Hypotheses, against the pre-registered tests (revised after the red team)","H-bridge | Supported, weakly. The certified roles are domain-tied (a registered securities trader who designs algorithms; a certified system operator); two industries are a small base | as above",characterisation,none,,,,no-url,
CL0205,results/industry-2026-10-10/findings.md,26,"2. Hypotheses, against the pre-registered tests (revised after the red team)","H-lag | Not supported; no restatement holds. Lags depend on the start date chosen (1 year from 2009; 33 or more from 1976; five decades in the grid). ""Incidents set the clock"" was added after the fact and fails in …",quote,none,,,,no-url,
CL0206,results/industry-2026-10-10/findings.md,27,"2. Hypotheses, against the pre-registered tests (revised after the red team)","H-control | Partly refuted. No internal decider for pricing rules; but fraud and marketplace rules gained structures, some under outside rules and some (the Merchant Risk Council, Amazon's counterfeit unit) with no coded lever | timeline-ecommerce-logistics.csv",characterisation,none,,,,no-url,timeline-ecommerce-logistics.csv
CL0207,results/industry-2026-10-10/findings.md,29,"2. Hypotheses, against the pre-registered tests (revised after the red team)","Choice of analogue (revised). Trading and the grid are effectively tied: one of the two ranks first in 88% of 20,000 random weightings, and two defensible score changes put the grid first.",number,none,,,,no-url,
CL0208,results/industry-2026-10-10/findings.md,29,"2. Hypotheses, against the pre-registered tests (revised after the red team)",Trading alone as the analogue is low confidence; the pair is high confidence.,characterisation,none,,,,no-url,
CL0209,results/industry-2026-10-10/findings.md,34,"2. Hypotheses, against the pre-registered tests (revised after the red team)","Levers can reverse (moderate). Since 2025 the UK has consulted on cutting certification functions, the SEC withdrew a plan to extend system-integrity rules to broker-dealers, and supervisors are adding AI to existing reviews rather than creating roles.",date,none,,,,no-url,
CL0210,results/industry-2026-10-10/findings.md,44,"3. Translation to companies running agents (interpretation, not finding)","Noticing deviations | Real-time monitoring and a kill switch per firm; first-line e-trading risk and control team, mid-level, under the markets COO | An agent risk and control team under the COO: monitors agent actions against limits, holds the kill …",characterisation,none,,,,no-url,
CL0211,results/industry-2026-10-10/findings.md,45,"3. Translation to companies running agents (interpretation, not finding)","Designing limits | Pre-trade controls under the firm's ""direct and exclusive control""; an inventory of algorithms; a defined ""material change""; designers registered or certified | Action limits (spend, data, actions) enforced at a gateway the firm controls, not the vendor's; …",quote,none,,,,no-url,
CL0212,results/industry-2026-10-10/findings.md,46,"3. Translation to companies running agents (interpretation, not finding)","Deciding changes | CEO certifies controls yearly (US); named senior manager and board approval (UK); multi-function approval of deployments and updates (EU) | A named executive accountable for agent controls, certifying them yearly; an agent change committee where business, risk, …",characterisation,none,,,,no-url,
CL0213,results/industry-2026-10-10/findings.md,47,"3. Translation to companies running agents (interpretation, not finding)","Industry body | FIA standards (2010) before rules; FIX certification (2026) | A standards body for agent operating controls, formed before law | Forming: open agent standards bodies exist; no operating-controls standard yet | A visible incident; gatekeeper rules | …",date,none,,,,no-url,
CL0214,results/industry-2026-10-10/findings.md,49,"3. Translation to companies running agents (interpretation, not finding)",What this says about protocol vision and protocol engineering.,characterisation,none,,,,no-url,
CL0215,results/industry-2026-10-10/findings.md,51,"3. Translation to companies running agents (interpretation, not finding)",1.,number,none,,,,no-url,
CL0216,results/industry-2026-10-10/findings.md,51,"3. Translation to companies running agents (interpretation, not finding)","When stakes rise, unwritten rules get written down. Trading's regulators required an inventory, a definition of material change and named operators.",characterisation,none,,,,no-url,
CL0217,results/industry-2026-10-10/findings.md,55,"3. Translation to companies running agents (interpretation, not finding)",2.,number,none,,,,no-url,
CL0218,results/industry-2026-10-10/findings.md,55,"3. Translation to companies running agents (interpretation, not finding)","Protocol engineering becomes certified practitioner work tied to a domain. Trading registered the people who design and change algorithms, at mid level, under a supervising principal.",characterisation,none,,,,no-url,
CL0219,results/industry-2026-10-10/findings.md,59,"3. Translation to companies running agents (interpretation, not finding)",3.,number,none,,,,no-url,
CL0220,results/industry-2026-10-10/findings.md,59,"3. Translation to companies running agents (interpretation, not finding)","In large regulated firms, deciding rule changes sits above practitioners. In trading it sits with a named executive, a board or a committee where each function signs off.",characterisation,none,,,,no-url,
CL0221,results/industry-2026-10-10/findings.md,59,"3. Translation to companies running agents (interpretation, not finding)","A ""Business Protocol Lead"" in a large firm should prepare those decisions; in a small firm it may own them.",quote,none,,,,no-url,
CL0222,results/industry-2026-10-10/findings.md,63,"3. Translation to companies running agents (interpretation, not finding)",4.,number,none,,,,no-url,
CL0223,results/industry-2026-10-10/findings.md,63,"3. Translation to companies running agents (interpretation, not finding)","The pressure, not the technology, shapes the structure. Law produced named persons and certification; industry bodies produced committees and standards.",characterisation,none,,,,no-url,
CL0224,results/industry-2026-10-10/findings.md,66,"3. Translation to companies running agents (interpretation, not finding)",5.,number,none,,,,no-url,
CL0225,results/industry-2026-10-10/findings.md,66,"3. Translation to companies running agents (interpretation, not finding)","Private gatekeepers may move first. Card networks, app stores and browsers set rules for automated actors without law.",characterisation,none,,,,no-url,
CL0226,results/industry-2026-10-10/findings.md,74,3a. The chokepoint test,"- Card payments: yes, reportedly. Visa's agentic transaction rules (April 2026) reportedly bind agentic payment providers to cardholder consent, identity checks, instructions with an expiry and record keeping; Mastercard admits only registered, verified agents to Agent Pay.",date,none,,,,no-url,
CL0227,results/industry-2026-10-10/findings.md,77,3a. The chokepoint test,"- Single platforms: yes, by contract. Amazon requires agents to identify themselves and stop on request (seller agreement from March 2026); Google Play bars autonomous agent control through accessibility services (January 2026); Microsoft gives every new Copilot Studio agent an …",date,none,,,,no-url,
CL0228,results/industry-2026-10-10/findings.md,80,3a. The chokepoint test,"- Agent actions in general: no. Model providers prohibit misuse; clouds offer limits, logging and kill switches as options.",characterisation,none,,,,no-url,
CL0229,results/industry-2026-10-10/findings.md,83,3a. The chokepoint test,"Consequence for the forecast. Trading's path (inventory, limits under the firm's control, named owners) is likely to carry to agents that spend money or act on large platforms, and to regulated finance.",characterisation,none,,,,no-url,
CL0230,results/industry-2026-10-10/findings.md,92,4. Predictions to register,"End 2027 | A bank or broker regulator issues guidance requiring an inventory of AI agents with named owners and kill controls | 0.6 | FINRA, FCA, PRA, ESMA publications",date,none,,,,no-url,
CL0231,results/industry-2026-10-10/findings.md,93,4. Predictions to register,"End 2028 | A publicly reported agent incident with losses of $100m or more at a named firm | 0.4 | Press, regulator orders",date,none,,,,no-url,
CL0232,results/industry-2026-10-10/findings.md,94,4. Predictions to register,Within 3 years of such an incident | A rule requiring certification or registration of people responsible for agent design in the affected sector | 0.5 | Regulator rulebooks,number,none,,,,no-url,
CL0233,results/industry-2026-10-10/findings.md,95,4. Predictions to register,"End 2028 | A card network publishes rules that require merchants or agent providers to limit and log agent purchases | 0.6 | Visa, Mastercard rule updates",date,none,,,,no-url,
CL0234,results/industry-2026-10-10/findings.md,96,4. Predictions to register,End 2029 | A statute outside finance requires a named executive to certify controls on AI agents | 0.2 | Legislation trackers,date,none,,,,no-url,
CL0235,results/industry-2026-10-10/red-team.md,7,1. Is algorithmic trading an artefact of the weights?,"Trading comes first with equal weights, with any one dimension dropped, and in 80% of 20,000 random weightings.",number,none,,,,no-url,
CL0236,results/industry-2026-10-10/red-team.md,7,1. Is algorithmic trading an artefact of the weights?,"D6 is not doing too much work: it supplies 1 point of the 2.5-point margin, and without it trading still leads, 57.5 to 56.0.",number,none,,,,no-url,
CL0237,results/industry-2026-10-10/red-team.md,7,1. Is algorithmic trading an artefact of the weights?,Banking overtakes only at a D6 weight of 9 or more; the grid only at a D7 weight of 6 or more.,number,none,,,,no-url,
CL0238,results/industry-2026-10-10/red-team.md,9,1. Is algorithmic trading an artefact of the weights?,"The weak point is the scores in a few cells, not the weights:",characterisation,none,,,,no-url,
CL0239,results/industry-2026-10-10/red-team.md,11,1. Is algorithmic trading an artefact of the weights?,- Scorer B tied trading and the grid at 59.,number,none,,,,no-url,
CL0240,results/industry-2026-10-10/red-team.md,12,1. Is algorithmic trading an artefact of the weights?,"- Both scorers gave trading D5 = 3 while writing ""change committee not found"".",quote,none,,,,no-url,
CL0241,results/industry-2026-10-10/red-team.md,12,1. Is algorithmic trading an artefact of the weights?,"E-commerce and automotive got 1 for the same ""not found"".",number,none,,,,no-url,
CL0242,results/industry-2026-10-10/red-team.md,12,1. Is algorithmic trading an artefact of the weights?,"Two defensible changes put the grid first, 58.0 to 57.5: trading D5 to 2, and the grid's D2 to 4 from scorer A (B already gave 4, since relay trips cut off 50 million people).",number,none,,,,no-url,
CL0243,results/industry-2026-10-10/red-team.md,15,1. Is algorithmic trading an artefact of the weights?,"Trading or the grid comes first in 88% of weightings; trading over the grid is close to a coin toss, and several verdicts depend on it (§2).",number,none,,,,no-url,
CL0244,results/industry-2026-10-10/red-team.md,19,2. Verdicts against the pre-registered tests,H | Findings say | What section 5 allows,number,none,,,,no-url,
CL0245,results/industry-2026-10-10/red-team.md,21,2. Verdicts against the pre-registered tests,"H-lever | Supported inside firms | Not refuted in trading, but the test could not fail there: levers are coded from 1987–89, so nothing later can ""precede any lever"". H-lever's levers (law, accreditation, liability, insurance) exclude guidance, incidents and the …",quote,none,,,,no-url,
CL0246,results/industry-2026-10-10/red-team.md,22,2. Verdicts against the pre-registered tests,"H-layers | Supported in trading | Refuted as pre-registered. Two counter-examples refute it; the search found three moderate-to-strong (Mozilla, Progressive, Wikipedia edit filters). ""Large mature firms"" was added afterwards. Coded rows disagree too: PE rows are mostly ""system"" (14 v …",quote,none,,,,no-url,
CL0247,results/industry-2026-10-10/red-team.md,23,2. Verdicts against the pre-registered tests,"H-bridge | Supported | Untested. No field codes domain ties. Series 57 adds an exam for existing developers; it creates no occupation. The grid's rule designers are engineers with ""no named owner and no certification"", near ""pure technical roles"". Reversals …",quote,none,,,,no-url,
CL0248,results/industry-2026-10-10/red-team.md,24,2. Verdicts against the pre-registered tests,"H-lag | Not supported; restated | Fair, but date-dependent: spread from 2009 gives short lags, from 1976 33+ years; the grid gives 46–57. ""Incidents set the clock"" is new and untested, yet carries the forecast.",quote,none,,,,no-url,
CL0249,results/industry-2026-10-10/red-team.md,25,2. Verdicts against the pre-registered tests,"H-control | Partly refuted | Fair, if anything harsh.",characterisation,none,,,,no-url,
CL0250,results/industry-2026-10-10/red-team.md,29,3. Does the translation to agents overreach?,"- Uniform, money-measured actions. Limits, kill switches and ""material change"" work because every action is an order with a price and size.",quote,none,,,,no-url,
CL0251,results/industry-2026-10-10/red-team.md,30,3. Does the translation to agents overreach?,"- A few registered firms. 15c3-5, Series 57 and UK certification reached registered broker-dealers through existing exam machinery.",number,none,,,,no-url,
CL0252,results/industry-2026-10-10/red-team.md,30,3. Does the translation to agents overreach?,"Outside finance no register or exam body exists to carry ""certify the agent's designer"".",quote,none,,,,no-url,
CL0253,results/industry-2026-10-10/red-team.md,31,3. Does the translation to agents overreach?,"- Exchanges as chokepoints. The first structures sat at venues (circuit breakers 1988, CME kill switch, LULD).",date,none,,,,no-url,
CL0254,results/industry-2026-10-10/red-team.md,31,3. Does the translation to agents overreach?,"Agents have no exchange; the nearest are payment networks and model providers, yet the translation puts the gateway with the firm, ""not the vendor's"".",quote,none,,,,no-url,
CL0255,results/industry-2026-10-10/red-team.md,32,3. Does the translation to agents overreach?,- Harm to others. Regulators acted because errors hit other participants (Flash Crash; Citi's $1.4bn of European sales).,number,none,,,,no-url,
CL0256,results/industry-2026-10-10/red-team.md,32,3. Does the translation to agents overreach?,"Most agent errors fall on the firm or its customers; a private ""Knight Capital moment"" may produce no rule.",quote,none,,,,no-url,
CL0257,results/industry-2026-10-10/red-team.md,33,3. Does the translation to agents overreach?,"- The analogue misses its own window. Knight (August 2012) to Series 57 approval (April 2016) is 3.7 years, 4.5 to effect: outside ""within 3 years"".",quote,none,,,,no-url,
CL0258,results/industry-2026-10-10/red-team.md,34,3. Does the translation to agents overreach?,"- The incident clock. FIA's controls (April 2010, lever ""none"") preceded the Flash Crash, as did the 15c3-5 proposal (January 2010; check).",date,none,,,,no-url,
CL0259,results/industry-2026-10-10/red-team.md,34,3. Does the translation to agents overreach?,The 1987 crash produced no in-firm role for 17 years.,date,none,,,,no-url,
CL0260,results/industry-2026-10-10/red-team.md,35,3. Does the translation to agents overreach?,"- ""Never belonged to a practitioner"" is contradicted by the counter-examples and by Citi's 2026 global head (coded PE;RD, practitioner role).",quote,none,,,,no-url,
CL0261,results/industry-2026-10-10/red-team.md,39,4. How strong is the evidence?,"Fact sheets and counter-examples grade everything S; the trading and grid timelines grade 34 and 37 of 55 rows P by source type; e-commerce redefines S as ""single weak source"".",quote,none,,,,no-url,
CL0262,results/industry-2026-10-10/red-team.md,40,4. How strong is the evidence?,"- SR 26-2 is P in the trading timeline, ""not verified"" in the banking sheet.",quote,none,,,,no-url,
CL0263,results/industry-2026-10-10/red-team.md,40,4. How strong is the evidence?,The sheets give conflicting EU AI Act dates; the translation states December 2027 as settled.,date,none,,,,no-url,
CL0264,results/industry-2026-10-10/red-team.md,41,4. How strong is the evidence?,"- The ""agent risk and control team under the COO"" rests on one 2021 Citi job ad (S), ""second line moving up"" on a 2026 ad (S).",quote,none,,,,no-url,
CL0265,results/industry-2026-10-10/red-team.md,42,4. How strong is the evidence?,"- D5, closest to the question, is thin in four of the top five; ""not found"" scored 1 to 3.",number,none,,,,no-url,
CL0266,results/industry-2026-10-10/red-team.md,51,5. What survives,"Finance regulators will reach for the same templates for agents: an inventory, a defined material change, real-time monitoring with a kill function, a named senior owner (prediction 1) | High",number,none,,,,no-url,
CL0267,results/industry-2026-10-10/red-team.md,53,5. What survives,"The source of pressure shapes the form a structure takes: law produces named executives, voluntary action produces industry bodies and practitioners | Moderate; ""only after a lever"" is not supported",quote,none,,,,no-url,
