seed_id,span,kind,true_code,second_code,modelled_on,source_url
S01,Review postmortems for outages that burned over a fifth of the quarterly error budget and identify which release rules were skipped or worked around,posting,PV,,SRE error-budget policy: >20% budget outage triggers postmortem,https://sre.google/workbook/error-budget-policy/
S02,Audit which miscategorized errors were counted against the service budget and document where the written definition differs from what teams actually apply,posting,PV,,SRE error-budget policy: miscategorized errors,https://sre.google/workbook/error-budget-policy/
S03,"We look at every alert clinicians override, and the pattern shows us which warnings nobody actually follows, whatever the policy says",speech,PV,,Hospital CPOE alert override review,https://psnet.ahrq.gov/primer/alert-fatigue
S04,I go through the override log each month to see which alerts get dismissed most and who is allowed to dismiss them,speech,PV,,Hospital CPOE alert override review,https://psnet.ahrq.gov/primer/alert-fatigue
S05,Analyze weekly logs of agent hand-offs that humans reversed and map which team approves each type of reversal,posting,PV,,Alert-override analysis transposed to agents; PSNet,https://psnet.ahrq.gov/primer/alert-fatigue
S06,"Our team reviews incidents where the on-call engineer did not escalate, and we trace what the written escalation criteria said versus what people did",speech,PV,,SRE incident response: unescalated bug cases,https://sre.google/workbook/incident-response/
S07,Study repeated crew reassignments made outside the scheduling system and document which labor-agreement or duty-time constraints dispatchers are working around,posting,PV,,Airline crew scheduling constraints and disruptions,https://en.wikipedia.org/wiki/Crew_scheduling
S08,Examine annual control reviews to find where pre-trade limit checks were bypassed and who had authority to override them,posting,PV,,SEC 15c3-5 annual market-access control review,https://www.sec.gov/files/rules/final/2010/34-63241-secg.htm
S09,"When our support agent keeps handing the same ticket type to humans, I dig into why and find the unwritten rule people use to decide",speech,PV,,SRE incident response: escalation review after incidents,https://sre.google/workbook/incident-response/
S10,Trace exception requests granted outside the standard approval path and record which functions can see or approve them,posting,PV,,SEC 15c3-5 review of limit controls,https://www.sec.gov/files/rules/final/2010/34-63241-secg.htm
S11,Decide with product and reliability leads whether to freeze releases or loosen the availability target when the quarterly error budget runs out,posting,RD,PE,SRE error-budget decision: freeze vs loosen SLO,https://sre.google/sre-book/embracing-risk/
S12,Weigh fraud losses against customer wait times and decide with risk and operations whether to raise or keep the automated approval limit,posting,RD,,Trade-off of risk vs speed in limit decisions; SEC 15c3-5 control review,https://www.sec.gov/files/rules/final/2010/34-63241-secg.htm
S13,"We decided with the clinical safety group to retire a low-value interruptive alert, accepting a small liability risk to cut override fatigue",speech,RD,,Hospital alert reduction decision; liability concern,https://psnet.ahrq.gov/primer/alert-fatigue
S14,"Chair the monthly forum where support, engineering and finance decide whether the agent keeps its refund ceiling or the limit is lowered",posting,RD,,SRE joint ownership of risk decision,https://sre.google/sre-book/embracing-risk/
S15,"Our trading and compliance heads agreed to keep the credit threshold unchanged this quarter, trading some missed fills for fewer breaches",speech,RD,,Pre-trade limit review and certification,https://www.sec.gov/files/rules/final/2010/34-63241-secg.htm
S16,Define which incidents an on-call agent must escalate to a human and publish the criteria and contact lists for each service,posting,PE,,SRE incident response: escalation criteria,https://sre.google/workbook/incident-response/
S17,Set the pre-trade limits that block automated orders above approved size and write the approval gate for raising them,posting,PE,,SEC 15c3-5 pre-trade risk controls,https://www.sec.gov/files/rules/final/2010/34-63241-secg.htm
S18,"I write the error-budget policy that says what the team may ship, what triggers a freeze and who can grant an exception",speech,PE,,SRE error-budget policy text,https://sre.google/workbook/error-budget-policy/
S19,Design tiered alert rules so only the most severe drug warnings interrupt prescribers and the rest appear as passive notices,posting,PE,,Hospital alert tiering recommendation,https://psnet.ahrq.gov/primer/alert-fatigue
S20,Configure the scheduling assistant so it cannot assign crew beyond duty-time limits and must hand the case to a dispatcher,posting,PE,,Airline duty-time constraints in crew scheduling,https://en.wikipedia.org/wiki/Crew_scheduling
