feature_id,value,evidence_file,evidence_row,evidence_date,quote,note
N01,insufficient,instruments/I6.md,"Earliest dated recording (a), M001",2024-11-28,I've trialed a couple of bots,"truncated: first practice description is I6 M001 2024-11-28 ('I've trialed a couple of bots'), within 12 months of speech corpus start 2024-01-01; I1 postings crawl is current-only (no titles-by-year series in the files provided)"
N02,partial,instruments/I1.md; I2.md; I6.md,Cross-function postings table; found clusters; Who does the work,2026-10-10,we have a strat and gov team that sit in the middle,"I1 cross-function share: primary set 0.6% (new-title) and 0.3% (other); secondary set 8.2% and 8.4% (below 10%, and over all clusters not only agent-duty postings). No found cluster is a cross-function agent cluster (cluster 111 AI security is single-family it/security). I6: 5 of 34 speakers place the work in a central body between functions. Seen but below the levels."
N03,insufficient,instruments/I5c.md; I5.md,Dates by the A.2 rule; timeline,2023-08-15,Community (Meetup): no date obtained. Third-earliest cannot be computed.,Community date missing so order cannot be tested. Other dates: open tooling third-earliest 2023-08-15 (lenient 2023-01-31); first certification IAPP AIGP 2024-03-05 (agent-scoped Salesforce 2025-03-03); first binding rule naming oversight role EU AI Act Ch I-II 2025-02-02 / Colorado 2026-05-14. Conferences (third-earliest 2025-12-11) are not Meetup communities and are builder-oriented.
N04a,insufficient,instruments/I1.md; I6.md,"Limits ('No time trend is computed, because the crawl is current-only')",2024-11-28,"No time trend is computed, because the crawl is current-only.","truncated: first practice description is I6 M001 2024-11-28 ('I've trialed a couple of bots'), within 12 months of speech corpus start 2024-01-01; I1 postings crawl is current-only (no titles-by-year series in the files provided); also no title volume by year exists"
N05,partial,instruments/I6.md,Measures speakers mention,2025-09-19,"we score every single AI agent or human agent interaction for accuracy, for tone, for resolution","Measures named (agent share of conversations M021 60%/70-79%, interaction scoring M067, NPS M017, TTFD M064) are each inside single firms; no named measure used across firms. I6: 'No span gives an error rate or containment figure by those names.' Recall of extraction about 0.5."
N06a,insufficient,corpus-b/filings-index.csv; instruments/I6.md; I5.md,filings-index columns; I6 Who does the work,,,"Coverage rule applied (postings not used). filings-index.csv has no software_native column and counts only phrase mentions (5 filings in 2022, 10 in 2023, 8 in 2024, 121 in 2025, 365 in 2026); I6 md gives no employer software-native split; I5 vendor rows name no adopting customer firms. Cannot code."
N07,partial,instruments/I1.md,Two-phase estimate; Absorption ratio,2026-10-10,"Ratio, existing postings with a confirmed agent duty : new-title postings with a confirmed agent duty: 1.58 (range 1.03-2.45)","Confirmed-duty ratio 1.58 (between 1:1 and 3:1). Lexical-flag ratio 5.32 sampling-weighted would be yes but flag precision is 0.05-0.14, so the confirmed figure is used. 'New-title' group is AI-type titles, not strictly agent-work titles."
N08,insufficient,instruments/I1.md; I6.md,Limits; Earliest dated recording,2024-11-28,"No time trend is computed, because the crawl is current-only.","truncated: first practice description is I6 M001 2024-11-28 ('I've trialed a couple of bots'), within 12 months of speech corpus start 2024-01-01; I1 postings crawl is current-only (no titles-by-year series in the files provided)"
N09,insufficient,instruments/I6.md; I5.md,Representative quotes; vendor roles,,,firm_cited_as_model column not in the md/table files provided; no origin firm cited as model in I6 text or I5 role wording.
N10,partial,instruments/I6.md,Measures speakers mention,2025,"we score every single AI agent or human agent interaction for accuracy, for tone, for resolution","Owned numbers exist (M067 scoring, M021 share handled by agent 60%), none stated as the basis of decision authority. I6: 'No span gives an error rate or containment figure by those names.' I1 duties_text not in the provided files."
N11,partial,instruments/I4.md,Who the texts name; Dated quotes,2026-08-02,"Deployers shall assign human oversight to natural persons who have the necessary competence, training and authority, as well as the necessary support.","Binding texts (EU AI Act Art 26(2); Colorado SB26-189, effective 2027-01-01 'individual designated by the deployer') require the function without a named title. AI law family: 5 of 37 provisions name someone, 0 of 4 change-regulating provisions name an owner. Named titles (Responsible Scaling Officer) appear only in voluntary lab self-policy."
N12,insufficient,instruments/I1.md; I6.md,,2024-11-28,,"truncated: first practice description is I6 M001 2024-11-28 ('I've trialed a couple of bots'), within 12 months of speech corpus start 2024-01-01; I1 postings crawl is current-only (no titles-by-year series in the files provided); seniority columns not available in provided files"
N13,insufficient,instruments/I5c.md; I5.md,Gaps,,N13 community date input is therefore missing,"Community third-earliest date not obtained, so certification-vs-community order cannot be tested. Certification earliest 2024-03-05 (IAPP) / agent-scoped 2025-03-03; binding rule dates 2025-02-02 (EU Ch I-II), 2026-08-02 as enacted, 2027-01-01 (Colorado)."
N14,insufficient,instruments/I1.md; I5.md; I5c.md,Limits,,"No time trend is computed, because the crawl is current-only.","No title counts by year, so no boom can be dated against tool releases (Agentforce 2024-09-12, Agentspace 2024-12-13, Copilot Studio 2023-11-15, Entra Agent ID 2025-05-19)."
N15,insufficient,instruments/I2.md; I3.md,Coding of the eight packets; Data gaps,,,"I2-tasks.csv rows for agent-title postings are not in the provided files; the three AI clusters (110, 112, 113) were not found and cluster 111 is the only found AI cluster. I3 today sample (30 postings) is descriptive only and shows build/deploy wording in 30 of 30 but mixed engineering, consulting and security functions."
N19,no,instruments/I1.md; I6.md,New-title spread; Two-phase estimate; Who does the work,2026-10-10,161 of 198 employers (0.813) have at least one new-title posting,"Titles exist: 2,790 new-title postings (584 with agent terms), est. 1,601 with a confirmed agent duty vs 2,529 existing postings, so titles are far above 1% of agent-duty postings. Teams exist (I6: central body between functions 5 speakers, CoE, AI guild, governance council). Measures are named (M021, M067). Not absorbed without trace."
N20,yes,instruments/I6.md; I3.md,Who does the work (Staffing); I3 today hire origin,2025-09-19,I've got part of my team now governing our AI bots in co-pilot in our service management area,"I6: existing staff given new duties 7 of 11 speakers coded (new hires 3, both 1; 23 not described). I3 sample of 30 new-title postings: 25 ask for experience in the same function, 3 adjacent-function, 2 entry level."
N21,partial,instruments/I6.md; I5.md,Code by function; Who does the work; vendor role wording,2025-11-05,"Owners usually serve as technical administrators for agents, handling operational and configuration aspects.","Coverage rule applied (no I1 postings). Speakers place the work in IT service management (M021), finance FP&A (M040), procurement (M016), engineering guild (M065), central AI governance bodies (M010, M024, M030); vendor roles are mostly IT admin/owner roles (admin 15, owner 6 of 30). I2-tasks org_unit for filings not in provided files. Mixed, no research/analytics majority visible."
N22,yes,instruments/I6.md,Who does the work (Framing),2025-06-30,we have a strat and gov team that sit in the middle,"Framing: coordinates existing functions 5 speakers (M010, M024, M030, M040, M065) vs new specialist capability 3 (M014, M016, M021); 26 not described. Small n; posting purpose_statement column not in provided files."
N23,insufficient,instruments/I6.md,Earliest dated recording,2024-11-28,,"truncated: first practice description is I6 M001 2024-11-28 ('I've trialed a couple of bots'), within 12 months of speech corpus start 2024-01-01; I1 postings crawl is current-only (no titles-by-year series in the files provided); framing_quote column not in provided files"
N24,yes,instruments/I5.md,Relabelling (6 rows),2025-10-09,"On March 3rd, the Certified AI Specialist credential will transition into the Certified Agentforce Specialist credential.",Dated relabelling by 3 vendors: Salesforce Einstein Copilot to Agentforce 2024-09-12 and AI Specialist to Agentforce Specialist 2025-03-03; Google Agentspace to Gemini Enterprise 2025-10-09; Microsoft Power Virtual Agents into Copilot Studio 2023-11-15. All within about three years of the first practice description (2024-11-28).
