doc_id,task_id,verbatim,is_activity,performer_ok,note
F0001628280-25-011069_3369,F0001628280-25-011069_3369:0,yes,yes,yes,passive event (awarded by USPTO); counted as company milestone
F0001628280-25-011069_3369,F0001628280-25-011069_3369:1,yes,no,no,describes the patent document
F0001628280-25-011069_3369,F0001628280-25-011069_3369:2,yes,no,yes,patented product capability
F0001628280-25-011069_3369,F0001628280-25-011069_3369:3,yes,no,yes,product capability
F0001628280-25-011069_3369,F0001628280-25-011069_3369:4,yes,no,yes,product capability
F0001628280-25-011069_3369,F0001628280-25-011069_3369:5,yes,no,yes,product capability
F0001628280-25-011069_3369,F0001628280-25-011069_3369:6,yes,no,yes,product capability
F0001628280-25-011069_3369,F0001628280-25-011069_3369:7,no,no,yes,product description; ellipsis splice; not verbatim
F0001628280-25-011069_3369,F0001628280-25-011069_3369:8,yes,no,yes,"""We expect"" forecast"
F0001628280-25-011069_3369,F0001628280-25-011069_3369:9,yes,no,yes,part of forecast
F0001628280-25-011069_3369,F0001628280-25-011069_3369:10,yes,no,yes,"""We intend"" forecast"
F0001628280-25-011069_3369,F0001628280-25-011069_3369:11,yes,no,yes,general statement of effect
F0000051143-26-000038_65,F0000051143-26-000038_65:0,yes,yes,yes,
F0000051143-26-000038_65,F0000051143-26-000038_65:1,yes,no,yes,portfolio benefit claim
F0000051143-26-000038_65,F0000051143-26-000038_65:2,yes,yes,yes,passive; company sold securities
F0000051143-26-000038_65,F0000051143-26-000038_65:3,yes,yes,yes,truncated fragment
F0000051143-26-000038_65,MISSED,,,,landlord ownership of these assets is assigned to one segment
F0000051143-26-000038_65,MISSED,,,,depreciation expense is allocated to each user segment
F0001002638-26-000046_414,F0001002638-26-000046_414:0,yes,no,yes,"strategic posture, not an activity"
F0001002638-26-000046_414,F0001002638-26-000046_414:1,yes,yes,yes,
F0001002638-26-000046_414,F0001002638-26-000046_414:2,yes,yes,yes,mixes ongoing investment with forecast
F0001002638-26-000046_414,F0001002638-26-000046_414:3,yes,no,yes,"commitment, not an activity"
F0001002638-26-000046_414,F0001002638-26-000046_414:4,yes,yes,yes,
F0001002638-26-000046_414,F0001002638-26-000046_414:5,yes,no,yes,"""potential"""
F0001002638-26-000046_414,F0001002638-26-000046_414:6,yes,no,yes,goal statement
F0001002638-26-000046_414,F0001002638-26-000046_414:7,yes,no,yes,"describes the plan, not an action"
F0000004962-26-000080_6,F0000004962-26-000080_6:0,yes,no,yes,merchant practices
F0000004962-26-000080_6,F0000004962-26-000080_6:1,yes,no,no,market actors
F0000004962-26-000080_6,F0000004962-26-000080_6:2,yes,no,yes,legislation
F0000004962-26-000080_6,F0000004962-26-000080_6:3,yes,no,yes,legislation
F0000004962-26-000080_6,F0000004962-26-000080_6:4,yes,no,yes,proposals
F0000004962-26-000080_6,F0000004962-26-000080_6:5,yes,no,no,other payment mechanisms; fragment
F0000004962-26-000080_6,F0000004962-26-000080_6:6,yes,no,yes,hypothetical third-party action
F0000004962-26-000080_6,F0000004962-26-000080_6:7,yes,no,yes,hypothetical
F0000004962-26-000080_6,F0000004962-26-000080_6:8,yes,no,yes,hypothetical
F0000004962-26-000080_6,F0000004962-26-000080_6:9,yes,no,yes,hypothetical
F0000004962-26-000080_6,F0000004962-26-000080_6:10,yes,no,no,market trend
F0000004962-26-000080_6,F0000004962-26-000080_6:11,yes,no,yes,competitors
F0000004962-26-000080_6,F0000004962-26-000080_6:12,yes,no,yes,truncated; third parties
F0000950170-25-011087_354,F0000950170-25-011087_354:0,yes,no,yes,mission statement
F0000950170-25-011087_354,F0000950170-25-011087_354:1,yes,no,yes,marketing claim
F0000950170-25-011087_354,F0000950170-25-011087_354:2,yes,no,yes,"""will""; feature"
F0000950170-25-011087_354,F0000950170-25-011087_354:3,no,no,yes,product capability; not verbatim
F0000950170-25-011087_354,F0000950170-25-011087_354:4,yes,no,yes,design claim
F0000950170-25-011087_354,F0000950170-25-011087_354:5,yes,no,yes,belief/marketing claim
F0001734722-25-000043_4643,F0001734722-25-000043_4643:0,yes,yes,yes,founding
F0001734722-25-000043_4643,F0001734722-25-000043_4643:1,yes,yes,yes,
F0001734722-25-000043_4643,F0001734722-25-000043_4643:2,yes,yes,no,company builds automations: person
F0001734722-25-000043_4643,F0001734722-25-000043_4643:3,yes,yes,yes,
F0001734722-25-000043_4643,F0001734722-25-000043_4643:4,yes,yes,yes,
F0001734722-25-000043_4643,F0001734722-25-000043_4643:5,yes,no,yes,design claim
F0001734722-25-000043_4643,F0001734722-25-000043_4643:6,yes,no,no,customers create; product enables
F0001734722-25-000043_4643,F0001734722-25-000043_4643:7,yes,no,yes,product benefit
F0001660134-26-000020_4390,F0001660134-26-000020_4390:0,yes,yes,yes,
F0001660134-26-000020_4390,F0001660134-26-000020_4390:1,yes,no,yes,"""will continue"""
F0001660134-26-000020_4390,F0001660134-26-000020_4390:2,yes,no,yes,product purpose
F0001660134-26-000020_4390,F0001660134-26-000020_4390:3,yes,no,no,"fragment; IT orgs act, product feature"
F0001660134-26-000020_4390,F0001660134-26-000020_4390:4,yes,no,yes,customer developers
F0001660134-26-000020_4390,F0001660134-26-000020_4390:5,yes,yes,yes,
F0001660134-26-000020_4390,F0001660134-26-000020_4390:6,yes,no,yes,product feature
F0001660134-26-000020_4390,F0001660134-26-000020_4390:7,yes,no,yes,product feature
F0001660134-26-000020_4390,F0001660134-26-000020_4390:8,yes,no,yes,product feature
F0001660134-26-000020_4390,F0001660134-26-000020_4390:9,yes,no,yes,truncated fragment
F0001104659-25-112648_564,F0001104659-25-112648_564:0,yes,no,yes,company description
F0001104659-25-112648_564,F0001104659-25-112648_564:1,yes,no,yes,marketing claim
F0001104659-25-112648_564,F0001104659-25-112648_564:2,yes,no,yes,solution benefit
F0001104659-25-112648_564,F0001104659-25-112648_564:3,yes,no,yes,generic scope
F0001104659-25-112648_564,F0001104659-25-112648_564:4,yes,yes,yes,BPO service performed for clients
F0001104659-25-112648_564,F0001104659-25-112648_564:5,yes,yes,yes,BPO service
F0001104659-25-112648_564,F0001104659-25-112648_564:6,yes,yes,yes,BPO service
F0001104659-25-112648_564,F0001104659-25-112648_564:7,yes,yes,yes,segment provides services
F0001104659-25-112648_564,F0001104659-25-112648_564:8,yes,yes,yes,transactions processed
F0001398659-25-000035_1848,F0001398659-25-000035_1848:0,no,yes,yes,"case differs (""We""); not verbatim"
F0001398659-25-000035_1848,F0001398659-25-000035_1848:1,yes,yes,yes,
F0001398659-25-000035_1848,F0001398659-25-000035_1848:2,yes,yes,yes,
F0001398659-25-000035_1848,F0001398659-25-000035_1848:3,yes,no,yes,"""will continue"""
F0001585521-26-000121_3264,F0001585521-26-000121_3264:0,yes,yes,yes,metric calculation
F0001585521-26-000121_3264,F0001585521-26-000121_3264:1,yes,yes,yes,
F0001585521-26-000121_3264,F0001585521-26-000121_3264:2,yes,yes,yes,
F0001585521-26-000121_3264,F0001585521-26-000121_3264:3,yes,yes,yes,
F0001585521-26-000121_3264,F0001585521-26-000121_3264:4,yes,no,yes,product description
F0001585521-26-000121_3264,F0001585521-26-000121_3264:5,yes,no,yes,product description
F0001585521-26-000121_3264,F0001585521-26-000121_3264:6,yes,no,yes,product description
F0001585521-26-000121_3264,F0001585521-26-000121_3264:7,yes,no,yes,product description
F0001585521-26-000121_3264,F0001585521-26-000121_3264:8,yes,no,yes,product description
F0001585521-26-000121_3264,F0001585521-26-000121_3264:9,yes,no,yes,capability claim
F0001585521-26-000121_3264,F0001585521-26-000121_3264:10,yes,yes,yes,
F0001585521-26-000121_3264,F0001585521-26-000121_3264:11,yes,no,yes,acquired company description
F0001585521-26-000121_3264,F0001585521-26-000121_3264:12,yes,yes,yes,
F0001585521-26-000121_3264,F0001585521-26-000121_3264:13,yes,yes,yes,
F0001002638-25-000096_412,F0001002638-25-000096_412:0,yes,no,yes,strategic posture
F0001002638-25-000096_412,F0001002638-25-000096_412:1,yes,yes,yes,
F0001002638-25-000096_412,F0001002638-25-000096_412:2,yes,yes,yes,mixes investment with forecast
F0001002638-25-000096_412,F0001002638-25-000096_412:3,yes,no,yes,commitment
F0001002638-25-000096_412,F0001002638-25-000096_412:4,yes,yes,yes,
F0001002638-25-000096_412,F0001002638-25-000096_412:5,yes,no,yes,"""potential"""
F0001002638-25-000096_412,F0001002638-25-000096_412:6,yes,no,yes,goal
F0001002638-25-000096_412,F0001002638-25-000096_412:7,yes,no,yes,describes plan
F0001213900-26-054548_1419,F0001213900-26-054548_1419:0,yes,yes,no,company develops systems: person
F0001213900-26-054548_1419,F0001213900-26-054548_1419:1,yes,yes,yes,
F0001213900-26-054548_1419,F0001213900-26-054548_1419:2,yes,yes,yes,
F0001213900-26-054548_1419,F0001213900-26-054548_1419:3,yes,no,yes,"""plans to"""
F0001213900-26-054548_1419,F0001213900-26-054548_1419:4,yes,yes,yes,stopped activity
F0001213900-26-054548_1419,F0001213900-26-054548_1419:5,yes,no,yes,"ownership state, not activity"
F0001213900-26-054548_1419,MISSED,,,,"was incorporated under the laws of the State of Delaware on July 28, 2014"
F0001398659-26-000010_1908,F0001398659-26-000010_1908:0,yes,yes,yes,
F0001398659-26-000010_1908,F0001398659-26-000010_1908:1,yes,yes,yes,
F0001398659-26-000010_1908,F0001398659-26-000010_1908:2,yes,yes,yes,implies development work
F0001398659-26-000010_1908,F0001398659-26-000010_1908:3,yes,no,yes,non-GAAP boilerplate
F0001398659-26-000010_1908,F0001398659-26-000010_1908:4,yes,no,no,definition
F0001398659-26-000010_1908,F0001398659-26-000010_1908:5,yes,yes,yes,calculation method
F0001398659-26-000010_1908,F0001398659-26-000010_1908:6,yes,no,yes,non-GAAP boilerplate
F0001713683-26-000157_4598,F0001713683-26-000157_4598:0,yes,no,yes,product feature
F0001713683-26-000157_4598,F0001713683-26-000157_4598:1,yes,no,yes,customer use of product
F0001713683-26-000157_4598,F0001713683-26-000157_4598:2,yes,no,no,customer use of product
F0001713683-26-000157_4598,F0001713683-26-000157_4598:3,yes,no,no,customer use of product
F0001713683-26-000157_4598,F0001713683-26-000157_4598:4,yes,no,yes,customer deployment
F0001713683-26-000157_4598,F0001713683-26-000157_4598:5,yes,yes,yes,managed service the company performs
F0001713683-26-000157_4598,F0001713683-26-000157_4598:6,yes,yes,yes,how the managed service is performed
F0001713683-26-000157_4598,F0001713683-26-000157_4598:7,yes,no,yes,product feature
F0001713683-26-000157_4598,F0001713683-26-000157_4598:8,yes,no,yes,product feature
F0001713683-26-000157_4598,F0001713683-26-000157_4598:9,yes,no,yes,product feature
F0001713683-26-000157_4598,F0001713683-26-000157_4598:10,yes,no,yes,customer benefit
F0001713683-26-000157_4598,F0001713683-26-000157_4598:11,yes,no,no,security teams contain; product enables
F0001713683-26-000157_4598,F0001713683-26-000157_4598:12,yes,no,yes,product feature
F0001713683-26-000157_4598,F0001713683-26-000157_4598:13,yes,yes,yes,managed service the company performs
F0001734722-25-000007_4626,F0001734722-25-000007_4626:0,yes,no,yes,customer use of product
F0001734722-25-000007_4626,F0001734722-25-000007_4626:1,yes,yes,yes,
F0001734722-25-000007_4626,F0001734722-25-000007_4626:2,yes,no,yes,intention
F0001734722-25-000007_4626,F0001734722-25-000007_4626:3,yes,no,yes,"""will""; feature"
F0001734722-25-000007_4626,F0001734722-25-000007_4626:4,yes,yes,yes,
F0001734722-25-000007_4626,F0001734722-25-000007_4626:5,yes,yes,yes,
F0001734722-25-000007_4626,F0001734722-25-000007_4626:6,yes,yes,yes,
F0001734722-25-000007_4626,F0001734722-25-000007_4626:7,yes,yes,yes,
F0001734722-25-000007_4626,F0001734722-25-000007_4626:8,yes,yes,yes,
F0001734722-25-000007_4626,F0001734722-25-000007_4626:9,yes,yes,yes,
F0001734722-25-000007_4626,F0001734722-25-000007_4626:10,yes,yes,yes,
F0001734722-25-000007_4626,F0001734722-25-000007_4626:11,yes,yes,yes,
F0001734722-25-000007_4626,F0001734722-25-000007_4626:12,yes,yes,yes,
F0001734722-25-000007_4626,F0001734722-25-000007_4626:13,yes,no,yes,partners deploy
F0001734722-25-000007_4626,F0001734722-25-000007_4626:14,yes,no,yes,product feature
F0001734722-25-000007_4626,F0001734722-25-000007_4626:15,yes,no,yes,product feature
F0001403161-26-000104_1933,F0001403161-26-000104_1933:0,yes,yes,yes,
F0001403161-26-000104_1933,F0001403161-26-000104_1933:1,yes,yes,yes,
F0001403161-26-000104_1933,F0001403161-26-000104_1933:2,yes,yes,no,"now-owned subsidiary; company service, not software"
F0001403161-26-000104_1933,F0001403161-26-000104_1933:3,yes,yes,no,"now-owned subsidiary; company service, not software"
F0001403161-26-000104_1933,F0001403161-26-000104_1933:4,yes,yes,yes,accounting allocation
F0001104659-26-037421_613,F0001104659-26-037421_613:0,yes,yes,yes,
F0001104659-26-037421_613,F0001104659-26-037421_613:1,yes,yes,yes,
F0001104659-26-037421_613,F0001104659-26-037421_613:2,yes,no,yes,clients can
F0001104659-26-037421_613,F0001104659-26-037421_613:3,yes,no,yes,clients can
F0001104659-26-037421_613,F0001104659-26-037421_613:4,yes,no,yes,product capability
F0001104659-26-037421_613,F0001104659-26-037421_613:5,yes,no,yes,users can
F0001104659-26-037421_613,F0001104659-26-037421_613:6,yes,no,yes,users can
F0001104659-26-037421_613,F0001104659-26-037421_613:7,yes,no,yes,users can
F0001104659-26-037421_613,F0001104659-26-037421_613:8,yes,no,yes,product capability
F0001104659-26-037421_613,F0001104659-26-037421_613:9,yes,no,no,product enables sharing
F0001838163-25-000005_5016,F0001838163-25-000005_5016:0,yes,no,yes,architecture capability
F0001838163-25-000005_5016,F0001838163-25-000005_5016:1,yes,no,yes,capability
F0001838163-25-000005_5016,F0001838163-25-000005_5016:2,yes,no,yes,capability
F0001838163-25-000005_5016,F0001838163-25-000005_5016:3,yes,no,yes,capability
F0001838163-25-000005_5016,F0001838163-25-000005_5016:4,yes,no,yes,capability
F0001838163-25-000005_5016,F0001838163-25-000005_5016:5,yes,no,yes,design claim
F0001838163-25-000005_5016,F0001838163-25-000005_5016:6,yes,yes,no,company debuted: person
F0001838163-25-000005_5016,F0001838163-25-000005_5016:7,yes,no,yes,product description
F0001838163-25-000005_5016,F0001838163-25-000005_5016:8,yes,no,yes,product description
F0001838163-25-000005_5016,F0001838163-25-000005_5016:9,yes,no,yes,configurable feature
F0001838163-25-000005_5016,F0001838163-25-000005_5016:10,yes,no,yes,configurable feature
F0001707753-26-000018_4519,F0001707753-26-000018_4519:0,yes,no,yes,"competitors, hypothetical"
F0001707753-26-000018_4519,F0001707753-26-000018_4519:1,yes,no,yes,"risk dependency, not stated activity"
F0001707753-26-000018_4519,F0001707753-26-000018_4519:2,yes,no,yes,market trend
F0001707753-26-000018_4519,F0001707753-26-000018_4519:3,yes,no,yes,market trend
F0001707753-26-000018_4519,F0001707753-26-000018_4519:4,yes,no,yes,market trend
F0001493152-26-038335_2619,F0001493152-26-038335_2619:0,yes,yes,yes,
F0001493152-26-038335_2619,F0001493152-26-038335_2619:1,yes,yes,yes,
F0001493152-26-038335_2619,F0001493152-26-038335_2619:2,yes,yes,yes,
F0001493152-26-038335_2619,F0001493152-26-038335_2619:3,yes,yes,yes,
F0001493152-26-038335_2619,F0001493152-26-038335_2619:4,yes,yes,yes,
F0001493152-26-038335_2619,F0001493152-26-038335_2619:5,yes,yes,yes,
F0001493152-26-038335_2619,F0001493152-26-038335_2619:6,yes,yes,yes,
F0001493152-26-038335_2619,F0001493152-26-038335_2619:7,yes,yes,yes,
F0001493152-26-038335_2619,F0001493152-26-038335_2619:8,yes,yes,yes,
F0001493152-26-038335_2619,F0001493152-26-038335_2619:9,yes,yes,yes,
F0001628280-26-015817_3621,F0001628280-26-015817_3621:0,yes,yes,yes,
F0001628280-26-015817_3621,F0001628280-26-015817_3621:1,yes,no,yes,product capability
F0001628280-26-015817_3621,F0001628280-26-015817_3621:2,yes,no,yes,product capability
F0001628280-26-015817_3621,F0001628280-26-015817_3621:3,yes,yes,yes,
F0001628280-26-015817_3621,F0001628280-26-015817_3621:4,yes,yes,yes,internal use
F0001628280-26-015817_3621,F0001628280-26-015817_3621:5,yes,yes,yes,internal use
F0001628280-26-015817_3621,F0001628280-26-015817_3621:6,yes,yes,yes,internal use
F0001628280-26-015817_3621,F0001628280-26-015817_3621:7,yes,yes,yes,internal use
F0001628280-26-015817_3621,F0001628280-26-015817_3621:8,yes,no,yes,market positioning
F0001628280-26-015817_3621,F0001628280-26-015817_3621:9,yes,no,yes,market description
F0001193125-26-029334_944,F0001193125-26-029334_944:0,yes,no,yes,market description
F0001193125-26-029334_944,F0001193125-26-029334_944:1,yes,no,yes,market trend
F0001193125-26-029334_944,F0001193125-26-029334_944:2,yes,no,yes,market trend
F0001193125-26-029334_944,F0001193125-26-029334_944:3,yes,no,yes,market
F0001193125-26-029334_944,F0001193125-26-029334_944:4,yes,no,yes,other companies
F0001193125-26-029334_944,F0001193125-26-029334_944:5,yes,no,yes,"""We expect"""
F0001193125-26-029334_944,F0001193125-26-029334_944:6,yes,no,yes,general statement
F0001683168-23-002449_4460,F0001683168-23-002449_4460:0,yes,no,yes,"compliance boilerplate, truncated context"
F0001683168-23-002449_4460,F0001683168-23-002449_4460:1,yes,no,yes,future undertaking
F0001683168-23-002449_4460,F0001683168-23-002449_4460:2,no,yes,yes,curly quotes in source changed to straight; not verbatim
F0001683168-23-002449_4460,F0001683168-23-002449_4460:3,yes,no,no,counterparty obligation
F0001683168-23-002449_4460,F0001683168-23-002449_4460:4,yes,no,yes,contract term
F0001683168-23-002449_4460,F0001683168-23-002449_4460:5,yes,yes,yes,
F0001683168-23-002449_4460,F0001683168-23-002449_4460:6,yes,no,yes,"""We intend"""
F0001193125-26-076745_1052,F0001193125-26-076745_1052:0,yes,yes,yes,agents running live inside SS&C
F0001193125-26-076745_1052,F0001193125-26-076745_1052:1,yes,yes,yes,
F0001193125-26-076745_1052,F0001193125-26-076745_1052:2,yes,yes,yes,
F0001193125-26-076745_1052,F0001193125-26-076745_1052:3,yes,no,yes,product capability
F0001193125-26-076745_1052,F0001193125-26-076745_1052:4,yes,no,yes,customers can
F0001193125-26-076745_1052,F0001193125-26-076745_1052:5,yes,no,yes,product capability
F0001193125-26-076745_1052,F0001193125-26-076745_1052:6,yes,no,yes,product capability
F0001193125-26-076745_1052,F0001193125-26-076745_1052:7,yes,no,yes,customers can
F0001104659-26-097350_684,F0001104659-26-097350_684:0,yes,yes,yes,
F0001104659-26-097350_684,F0001104659-26-097350_684:1,yes,yes,yes,
F0001104659-26-097350_684,F0001104659-26-097350_684:2,yes,yes,yes,
F0001104659-26-097350_684,F0001104659-26-097350_684:3,yes,yes,yes,
F0001104659-26-097350_684,F0001104659-26-097350_684:4,yes,yes,yes,
F0001104659-26-097350_684,F0001104659-26-097350_684:5,yes,no,yes,"""planned"""
F0001104659-26-097350_684,F0001104659-26-097350_684:6,yes,yes,yes,
F0001104659-26-097350_684,F0001104659-26-097350_684:7,yes,no,yes,"named as a constraint, not an action"
