role,type,title,owner,date,url,grade
ai-governance-lead,jd,Managing Director - Responsible AI Lead - C16 - NY,Citigroup,unknown,https://jobs.citi.com/job/new-york/managing-director-responsible-ai-lead-c16-ny/287/91418200800,S
ai-governance-lead,jd,Responsible AI Strategic Enablement Lead (aggregator: ITJobsWatch),Lloyds Banking Group,unknown,https://www.itjobswatch.co.uk/jv/Lloyds-Banking-Group/Responsible-AI-Strategic-Enablement-Lead-Job-Newcastle-upon-Tyne-UK-4wavmo,S
ai-governance-lead,jd,"Manager, Responsible AI Governance (Global Operations AI) (aggregator: AnitaB.org)",Manulife / John Hancock,2026-06-19,https://jobs.anitab.org/companies/john-hancock-manulife/jobs/83409320-manager-responsible-ai-governance-global-operations-ai,S
ai-governance-lead,jd,GDMS Senior AI Governance & Risk Specialist,General Dynamics Mission Systems,2026-06-22,https://careers-gdms.icims.com/jobs/73173/gdms-senior-ai-governance-%26-risk-specialist/job,S
ai-governance-lead,jd,Head of Artificial Intelligence (AI) Governance - Justice AI Unit,UK Ministry of Justice,2025 (closed 2025-09-01),https://jobs.justice.gov.uk/careers/JobDetail/9003-Head-of-Artificial-Intelligence-AI-Governance-Justice-AI-Unit/9003,S
ai-governance-lead,jd,"Associate Director, AI Governance (70395)",MD Anderson Cancer Center,unknown,https://careers.mdanderson.org/jobs/associate-director-ai-governance-70395,S
ai-governance-lead,activity-source,"Associate Director, Institutional AI Governance (73376)",MD Anderson Cancer Center,unknown,https://careers.mdanderson.org/jobs/associate-director-institutional-ai-governance-73376,S
ai-governance-lead,activity-source,"Responsible AI Lead, Everyday Banking (aggregator: TechSpark)",Lloyds Banking Group,unknown,https://techjobs.techspark.co/jobs/137032594-responsible-ai-lead-everyday-banking,S
ai-governance-lead,activity-source,Artificial Intelligence Compliance Officer - Horizontal Use Cases - VP,Citigroup,unknown,https://jobs.citi.com/job/chicago/artificial-intelligence-compliance-officer-horizontal-use-cases-vice-president/287/89687480672,S
ai-governance-lead,activity-source,"Head of AI Governance, New York (aggregator: Monster)",unknown,unknown,https://www.monster.com/job-openings/head-of-ai-governance-new-york-ny--1cddf54d-47f1-4ce5-83a7-64c614b8a817,S
ai-governance-lead,activity-source,"Manager, Enterprise AI Reporting (aggregator: CareerBeacon)",Canada Life,unknown,https://www.careerbeacon.com/en/job-36/3564860/canada-life/manager-enterprise-ai-reporting/toronto-on,S
ai-governance-lead,activity-source,AI Governance Profession Report,IAPP,2025-04-16,https://www.iapp.org/resources/article/ai-governance-profession-report,S
ai-governance-lead,activity-source,IAPP Launches New AI Governance Professional Certification,IAPP,2024-03-05,https://iapp.org/about/iapp-launches-new-ai-governance-professional-certification,S
ai-governance-lead,activity-source,AI Governance Professional Body of Knowledge Released by IAPP,eDiscovery Today,2023-06-23,https://ediscoverytoday.com/2023/06/23/ai-governance-professional-body-of-knowledge-released-by-iapp-artificial-intelligence-trends/,S
ai-governance-lead,capability,AIGP Body of Knowledge (v2.0.1 2025; v2.1 2026),IAPP,2023/2025/2026,https://iapp.org/certify/body-of-knowledge-aigp,S
ai-governance-lead,capability,Q1 2025 Annual Updates (AIGP domains seven to four),IAPP,2025,https://iapp.org/certify/q1-2025-annual-updates,S
ai-governance-lead,capability,AAIA Exam Content Outline,ISACA,unknown,https://www.isaca.org/credentialing/aaia/aaia-exam-content-outline,S
ai-governance-lead,capability,AAISM Exam Content Outline,ISACA,unknown,https://www.isaca.org/credentialing/aaism/aaism-exam-content-outline,S
ai-governance-lead,capability,AI Governance Skills Framework,IAPP,2026,https://iapp.org/resources/article/ai-governance-skills-framework,S
ai-governance-lead,capability,AI Governance Skills Framework: Professional Profiles,IAPP,2026,https://iapp.org/resources/article/ai-governance-skills-framework-professional-profiles,S
ai-governance-lead,capability,SFIA Skills for AI Governance and Assurance,SFIA Foundation,unknown,https://sfia-online.org/en/tools-and-resources/ai-skills-framework/ai-assurance-and-governance/sfia-skills-ai-governance-and-assurance,S
ai-governance-lead,capability,AI Assurance: Leading a New Profession Responsibly (skills framework in development),BCS,in progress,https://www.bcs.org/the-home-of-the-ai-professional/ai-assurance-leading-a-new-profession-responsibly/,S
ai-governance-lead,capability,"AIGP certification summary (domain titles, third party)",VerifyWise,unknown,https://verifywise.ai/ai-governance-library/standards-and-certifications/iapp-aigp-certification,S
etrading-risk-and-control,jd,Markets E-Trading Risk and Controls - Vice President,Citigroup,unknown,https://jobs.citi.com/job/new-york/markets-e-trading-risk-and-controls-vice-president/287/91594759072,S
etrading-risk-and-control,jd,Electronic and Algorithmic Trading Risk Manager - Vice President,Nomura,unknown,https://careers.nomura.com/Nomura/job/London-Electronic-and-Algorithmic-Trading-Risk-Manager-Vice-President-Lond-EC4R-3AB/1258864500,S
etrading-risk-and-control,jd,E-Trading Risk Manager - Global Markets,Nomura,unknown,https://careers.nomura.com/Nomura/job/New-York-E-Trading-Risk-Manager-Global-Markets-NY-10019/1307013000,S
etrading-risk-and-control,jd,"Vice President, Electronic Trading Risk & Control, Venues Management (aggregator: Built In London)",NatWest Group,unknown,https://builtinlondon.uk/job/vice-president-electronic-trading-risk-control-venues-management/10682789,S
etrading-risk-and-control,jd,Trading Operations Specialist (aggregator: startup.jobs),Eqvilent,unknown,https://startup.jobs/trading-operations-specialist-mumbai-eqvilent-8605764,S
etrading-risk-and-control,jd,Front Office Electronic Trading Risk Manager - Associate/Vice President (aggregator: CFA Institute Career Center),unknown,unknown,https://careers.cfainstitute.org/job/9063658/front-office-electronic-trading-risk-manager-associate-vice-president/,S
etrading-risk-and-control,activity-source,E-Trading Risk and Controls - Vice President (EMEA Focus),Citigroup,unknown,https://jobs.citi.com/job/mississauga/e-trading-risk-and-controls-vice-president-emea-focus/287/82347739664,S
etrading-risk-and-control,activity-source,E-Trading Risk and Controls - Vice President (NAM/LATAM Focus),Citigroup,unknown,https://jobs.citi.com/job/mississauga/e-trading-risk-and-controls-vice-president-nam-latam-focus/287/82181350976,S
etrading-risk-and-control,activity-source,Markets E-Trading Risk and Control - Senior Vice President,Citigroup,unknown,https://jobs.citi.com/job/mississauga/markets-e-trading-risk-and-control-senior-vice-president/287/87632911712,S
etrading-risk-and-control,activity-source,Algo Risk & Control,Nomura,unknown,https://careers.nomura.com/Nomura/job/Central-Algo-Risk-&-Control-HK/1341158000,S
etrading-risk-and-control,activity-source,"Equities Risk & Control Officer, EMEA",Nomura,unknown,https://careers.nomura.com/Nomura/job/London-Equities-Risk-&-Control-Officer%2C-EMEA-Lond-EC4R-3AB/1405850000/,S
etrading-risk-and-control,activity-source,Electronic Trading Risk & Control VP (aggregator: Find a Job DWP),NatWest Group,2024,https://findajob.dwp.gov.uk/details/15521365,S
etrading-risk-and-control,activity-source,Electronic Trading COR Risk Manager (aggregator: ITJobsWatch),Pontoon (client unnamed),unknown,https://www.itjobswatch.co.uk/jv/Pontoon/Electronic-Trading-COR-Risk-Manager-Job-London-UK-4sm0ts?jr=8n5-0-0,S
etrading-risk-and-control,capability,Commission Delegated Regulation (EU) 2017/589 (RTS 6) Articles 2-3,European Commission,2017,https://www.legislation.gov.uk/eur/2017/589/article/3/data.htm,S
etrading-risk-and-control,capability,Algorithmic trading (SS5/18),Prudential Regulation Authority,2018-06,https://www.bankofengland.co.uk/prudential-regulation/publication/2018/algorithmic-trading-ss,S
etrading-risk-and-control,capability,Best Practices for Automated Trading Risk Controls and System Safeguards,FIA,2024-07,https://fia.org/sites/default/files/2024-07/FIA_WP_AUTOMATED%20TRADING%20RISK%20CONTROLS_FINAL_0.pdf,S
etrading-risk-and-control,capability,Risk Management Controls for Brokers or Dealers with Market Access (Rule 15c3-5; Release 34-63241),U.S. SEC,2010-11-03,https://www.SEC.gov/rules/final/2010/34-63241.pdf,S
etrading-risk-and-control,capability,Algorithmic Trading Compliance in Wholesale Markets,Financial Conduct Authority,2018-02,https://www.fca.org.uk/publication/multi-firm-reviews/algorithmic-trading-compliance-wholesale-markets.pdf,S
registered-algorithm-developer,jd,Senior Engineer - (Registered) - Global Equities Cash Technology (aggregator: AnitaB.org),Bank of America,unknown,https://jobs.anitab.org/companies/bank-of-america/jobs/64021052-senior-engineer-registered-global-equities-cash-technology,S
registered-algorithm-developer,jd,Principle Engineer (sic),Nomura,unknown,https://careers.nomura.com/Nomura/job/San-Francisco-Principle-Engineer-CA-94111/1262395100,S
registered-algorithm-developer,jd,"Director, Software Engineering - Electronic Trading",Fidelity Investments,unknown,https://jobs.fidelity.com/en/jobs/2125622/director-software-engineering-electronic-trading/,S
registered-algorithm-developer,jd,"Quantitative trading role, title not captured (aggregator: Illinois JobLink)",DRW,2024-05-22,https://illinoisjoblink.illinois.gov/jobs/11920866,S
registered-algorithm-developer,activity-source,"Vice President, Software Engineering - Electronic Trading",Fidelity Investments,unknown,https://jobs.fidelity.com/en/jobs/2125621/vice-president-software-engineering-electronic-trading/,S
registered-algorithm-developer,activity-source,Senior Quantitative Algorithmic Developer (aggregator: Hired),Barclays,unknown,https://hired.com/job/senior-quantitative-algorithmic-developer,S
registered-algorithm-developer,activity-source,Software Engineer (aggregator: Illinois JobLink),Citadel Securities Americas LLC,unknown,https://illinoisjoblink.illinois.gov/jobs/12088536,S
registered-algorithm-developer,activity-source,Sr. Algo/Quant Developer (aggregator: AnitaB.org),Morgan Stanley,unknown,https://jobs.anitab.org/companies/morgan-stanley/jobs/57825580-sr-algo-quant-developer-multiple-roles-available-on-various-levels,S
registered-algorithm-developer,activity-source,Trading Algo Developers Now Must Register with FINRA and Pass an Exam,eFinancialCareers,2016-07,https://www.efinancialcareers.com/news/2016/07/trading-algo-developers-now-must-register-with-finra-and-pass-an-exam,S
registered-algorithm-developer,activity-source,FINRA Adopts Rule Relating to Algorithmic Trading Strategies,Norton Rose Fulbright,2016,https://www.nortonrosefulbright.com/en/knowledge/publications/8358afa4/finra-adopts-rule-relating-to-algorithmic-trading-strategies,S
registered-algorithm-developer,activity-source,High-Frequency Trading to Be Caught by Extension of Accountability Rules,Pinsent Masons,unknown,https://www.pinsentmasons.com/out-law/news/high-frequency-trading-to-be-caught-by-extension-of-accountability-rules-fca-says1,S
registered-algorithm-developer,activity-source,FIA EPTA Letter to HMT Consultation on SM&CR,FIA and EPTA,2023-06-01,https://www.fia.org/sites/default/files/2023-06/FIA%20EPTA%20Letter%20to%20HMT%20Consultation%20on%20SM%26CR_1%20June%202023_FINAL.pdf,S
registered-algorithm-developer,capability,Series 57 - Securities Trader Representative Exam,FINRA,current (2026),https://www.finra.org/registration-exams-ce/qualification-exams/series57,S
registered-algorithm-developer,capability,Series 57 Content Outline,FINRA,current (2026),https://WWW.FINRA.ORG/sites/default/files/Series_57_Outline.pdf,S
registered-algorithm-developer,capability,Series 57 proposal (Release 34-76188; superseded four-function format),U.S. SEC / FINRA,2015-2016,https://www.sec.gov/file/34-76188,S
registered-algorithm-developer,capability,Regulatory Notice 16-21,FINRA,2016-06,https://www.finra.org/rules-guidance/notices/16-21,S
registered-algorithm-developer,capability,"SYSC 27.7 Specification of functions (algorithmic trading certification function, SYSC 27.8.23R)",Financial Conduct Authority,2016; updated 2026-07-10,https://handbook.fca.org.uk/handbook/SYSC/27/7.html,S
registered-algorithm-developer,capability,FCA confirms accountability rules for wholesale traders,Financial Conduct Authority,2016,https://www.fca.org.uk/news/press-releases/fca-confirms-accountability-rules-wholesale-traders-and-interim-rules-regulatory,S
registered-algorithm-developer,capability,FIX Recommended Practices for Algorithm Testing and Certification,FIX Trading Community,unknown,https://mondovisione.com/media-and-resources/news/fix-releases-new-guidelines-on-algo-testing-and-certification-202663/,S
nerc-system-operator,jd,Reliability Coordinator - NERC Certified System Operator (NCSO) (aggregator: VetJobs),MISO,unknown,https://jobs.vetjobs.org/eagan-mn/reliability-coordinator-nerc-certified-system-operator-ncso/1FF78D2D2240407C89190CF2F6A76AED/job/,S
nerc-system-operator,jd,System Operator (aggregator: Built In),ERCOT,unknown,https://builtin.com/job/system-operator/3124174,S
nerc-system-operator,jd,Transmission System Operator,Pedernales Electric Cooperative,unknown,https://jobs.mypec.com/job/Leander-Transmission-System-Operator-TX-78641/1249510500,S
nerc-system-operator,jd,Power System Coordinator - Multiple Vacancies for Georgia Power (Atlanta) (aggregator: Built In),Georgia Power,unknown,https://builtin.com/job/operations/power-system-coordinator-multiple-vacancies-georgia-power-atlanta/935251,S
nerc-system-operator,jd,"Balancing Authority operator, title not captured (aggregator: SimplyHired)",El Paso Electric,2026-07-28,https://www.simplyhired.com/job/X_K6F6I8eHha_pVHvdeK1LFKDztMNGrdvt0JSGdV_Ol0V1WS50sIwQ,S
nerc-system-operator,jd,"Balancing Authority System Operator I, II or Senior (aggregator: Get Into Energy Jobs)",Black Hills Energy,unknown,https://getintoenergy.jobs/rapid-city-sd/balancing-authority-system-operator-i-ii-or-senior/7EFD567A080E4517AB20BEBC489105C8/job,S
nerc-system-operator,activity-source,Reliability Coordinator III (staffing firm for MISO),MWResource Inc.,2026,https://apply.workable.com/mwresource-inc/jobs/view/7B66C080BB.md,S
nerc-system-operator,activity-source,"Transmission System Operator, Senior",Pedernales Electric Cooperative,unknown,"https://jobs.mypec.com/job/leander-transmission-system-operator,-senior-tx-78641/1384237100",S
nerc-system-operator,activity-source,"Transmission System Operator Trainee, Bulk Power Systems (aggregator: iHireConstruction)",Eversource,unknown,https://www.ihireconstruction.com/jobs/view/479011815,S
nerc-system-operator,activity-source,Balancing Authority System Operator - 2 openings (aggregator: MREA),Great River Energy,unknown,https://association.mrea.org/jobs/Details/balancing-authority-system-operator-2-openings-315428,S
nerc-system-operator,activity-source,Outage Coordinator,Snohomish County PUD,2024-02,https://www.snopud.com/wp-content/uploads/2024/02/Outage-Coordinator.pdf,S
nerc-system-operator,activity-source,NERC FFT Reports: Reliability Standard PER-003-0,White & Case,2012,https://www.whitecase.com/insight-alert/nerc-fft-reports-reliability-standard-003-0,S
nerc-system-operator,activity-source,NERC Certification Exam Preparation Training Program (BIT outline copy),Tonex,unknown,https://www.tonex.com/training-courses/nerc-certification-exam-preparation-training-program,S
nerc-system-operator,capability,Exam Resource Materials for NERC System Operator Certification Examinations,NERC,2025-01-24,https://www.nerc.com/pa/Train/SysOpCert/System Operator Certification DL/Exam_Resource_Materials.pdf,S
nerc-system-operator,capability,PER-003-2 Operating Personnel Credentials,NERC,2018-05-10,https://www.nerc.com/pa/Stand/Reliability%20Standards/PER-003-2.pdf,S
nerc-system-operator,capability,PER-003-1 Operating Personnel Credentials,NERC,unknown,https://nerc.com/pa/Stand/Reliability%20Standards/PER-003-1.pdf,S
nerc-system-operator,capability,Project 2010-01 Training (PER-005-2),NERC,2014-02-06,https://nerc.com/pa/Stand/Pages/Project2010-01Training.aspx,S
nerc-system-operator,capability,Project 2010-01 PER-005-2 Mapping Document,NERC,2013-09-27,https://nerc.com/pa/Stand/Project%20201001%20Training/Project_2010-01_PER-005-2_Mapping_Document_20130927_Clean_FINAL.pdf,S
nerc-system-operator,capability,Project 2007-04 Certifying System Operators Run Analysis Report,NERC,2010,https://nercstg.nerc.com/pa/Stand/Project%20200704%20Certifying%20System%20Operators%20DL/Project_2007-04_Run_Anaylsis_Report_110110.pdf,S
nerc-system-operator,capability,System Operator Certification CM Program Manual v1.2,NERC,unknown,https://www.nerc.com/pa/Train/SysOpCert/System Operator Certification DL/CM_Program_Manual_v1.2.pdf,S
nerc-system-operator,capability,SOCCED Continuing Education Hours FAQ,NERC,unknown,https://www.nerc.com:443/pa/Train/SysOpCert/System Operator Certification DL/SOCCED_Continuing_Education_Hours_FAQ.pdf,S
clinical-informaticist,jd,"8010 Chief Medical Information Officer, Medical Administration",Cook County Health,2023-09-15,https://cookcountyhealth.org/wp-content/uploads/8010-ChiefMedicalInformationOfficer-MedicalAdministration-9.15.2023-public.pdf,S
clinical-informaticist,jd,Clinical Informaticist,TriHealth,unknown,https://careers.trihealth.com/search/jobdetails/clinical-informaticist/b1c7ac6c-fad5-4c24-86eb-d5f226776432,S
clinical-informaticist,jd,Nursing Informatics Specialist,Dana-Farber Cancer Institute,unknown,https://careers.dana-farber.org/job/256/nursing-informatics-specialist-it-informatics-us-ma-boston-450-brookline-ave,S
clinical-informaticist,jd,"Physician Advisor, Clinical Decision Support (3969H)",University of Missouri System,2026-03,https://www.umsystem.edu/hr/job-descriptions/3969h,S
clinical-informaticist,jd,IT Epic Clinical Content/Decision Support Specialist (aggregator: DE Jobs),CommonSpirit Health,unknown,https://commonspirit.dejobs.org/englewood-co/it-epic-clinical-content-decision-support-specialist/570F1C16A08F442194E246F06DA38E61/job,S
clinical-informaticist,jd,Nurse Informaticist (aggregator: Remotive),Computer Task Group,unknown,https://remotive.com/remote/jobs/medical/nurse-informaticist-5167894,S
clinical-informaticist,activity-source,Clinical Informaticist - Hospice of Cincinnati,TriHealth,unknown,https://careers.trihealth.com/Search/JobDetails/clinical-informaticist---hospice-of-cincinnati/86310018-0851-4205-ade6-afc7ccbbedf9,S
clinical-informaticist,activity-source,Clinical Decision Support Analyst (aggregator: DE Jobs),unknown (Indianapolis),unknown,https://abs.dejobs.org/indianapolis-in/clinical-decision-support-analyst/A1ABA73F8F5C471C93C9BFFB883138F8/job/,S
clinical-informaticist,activity-source,Epic Clinical Informaticist RN,Insight Global,unknown,https://jobs.insightglobal.com/find_a_job/washington/job-486198,S
clinical-informaticist,activity-source,Sr. Clinical Informaticist,Insight Global,unknown,https://jobs.insightglobal.com/find_a_job/georgia/job-441463,S
clinical-informaticist,activity-source,Chief Medical Information Officer (CMIO),Eastern Virginia Medical School,unknown,https://careers-evms.icims.com/jobs/5827/chief-medical-information-officer-(cmio)/job,S
clinical-informaticist,activity-source,Fighting Alert Fatigue to Improve Patient Safety and Standardization of Care,Cleveland Clinic,unknown,https://consultqd.clevelandclinic.org/fighting-alert-fatigue-to-improve-patient-safety-and-standardization-of-care,S
clinical-informaticist,activity-source,VUMC Clickbusters Program Helps Reduce EHR Alerts,Vanderbilt University Medical Center,2022-03-24,https://news.vumc.org/2022/03/24/vumc-clickbusters-program-helps-reduce-ehr-alerts/,S
clinical-informaticist,activity-source,Optimizing clinical decision support alerts (systematic review),PubMed Central,unknown,https://pmc.ncbi.nlm.nih.gov/articles/PMC7810441,S
clinical-informaticist,activity-source,"Rely on Governance, Tools to Keep Clinical Decision Support Up to Date",Fierce Healthcare,unknown,https://www.fiercehealthcare.com/it/rely-governance-tools-to-keep-clinical-decision-support-up-to-date,S
clinical-informaticist,activity-source,"CDS Governance, Alert Management, and Knowledge Maintenance (CPHIMS study guide)",Open Exam Prep,unknown,https://open-exam-prep.com/study-guides/cphims/clinical-content-cds/cds-governance,S
clinical-informaticist,activity-source,AMIA's Role in CIS and History,AMIA,unknown,https://amia.org/careers-certifications/clinical-informatics-subspecialty/amias-role-cis-and-history,S
clinical-informaticist,activity-source,Clinical Informatics Becomes a Board-Certified Medical Subspecialty,Healthcare IT News,unknown,https://healthcareitnews.com/node/431131,S
clinical-informaticist,activity-source,Yearbook of Medical Informatics 2018; 27(01): 237-242,Thieme,2018,https://thieme-connect.de/products/ejournals/html/10.1055/s-0038-1641198,S
clinical-informaticist,activity-source,What Is a Chief Medical Information Officer?,USF Health Online,unknown,https://www.usfhealthonline.com/?p=24896,S
clinical-informaticist,capability,Core Content for the Subspecialty of Clinical Informatics (Gardner et al.),AMIA,2009,https://pmc.ncbi.nlm.nih.gov/articles/PMC2649325,S
clinical-informaticist,capability,"Domains, Tasks, and Knowledge for Clinical Informatics Subspecialty Practice (Silverman et al.)",AMIA / ABPM / ABPath,2019,https://pmc.ncbi.nlm.nih.gov/articles/PMC7647208,S
clinical-informaticist,capability,Clinical Informatics Content Outline,American Board of Preventive Medicine,2021,https://www.theabpm.org/clinical-informatics-content-outline/,S
clinical-informaticist,capability,Clinical Informatics Longitudinal Assessment Program (LAP),American Board of Preventive Medicine,2026,https://www.theabpm.org/continuing-certification-program-ccp/clinical-informatics-longitudinal-assessment-program-lap/,S
clinical-informaticist,capability,ABPM to Offer CI Certification Exam Using Updated Content Outline,American Board of Preventive Medicine,2021,https://www.theabpm.org/the-american-board-of-preventive-medicine-to-offer-clinical-informatics-certification-examination-using-updated-content-outline/,S
clinical-informaticist,capability,Informatics Nursing Board Certification Test Content Outline,ANCC,2023-05-03,https://prd.healthynursehealthynation.org/globalassets/informatics-tco_08292025-for-webposting.pdf,S
clinical-informaticist,capability,Exam 27 Informatics Nursing Role Delineation Study Executive Summary,ANCC,2022-02-17,https://anaprodsite1.nursingworld.org/globalassets/certification/certification-specialty-pages/resources/role-delineation-studies/exam-27-informatics-nursing-rds-executive-summary-final-2022-02-17.pdf,S
clinical-informaticist,capability,AMIA 2017 Core Competencies for Applied Health Informatics Education at the Master's Degree Level (Valenta et al.),AMIA,2018,https://pure.lib.usf.edu/en/publications/amia-board-white-paper-amia-2017-core-competencies-for-applied-he-2/,S
clinical-informaticist,capability,Clinical Informatics Supplemental Guide (Milestones),ACGME,unknown,https://www.acgme.org/globalassets/pdfs/milestones/clinicalinformaticssupplementalguide.pdf,S
