"file","id","field","old","new","evidence_url"
"media-current.csv","M001","date","unknown","2024-11-28","https://www.intercom.com/blog/videos/the-ticket-harry-spence-screencloud-ai-integration/"
"media-current.csv","M002","date","unknown","2024-04-18","https://www.intercom.com/blog/videos/the-ticket-fin-ai-copilot-in-practice/"
"media-current.csv","M003","transcript","unknown","page","https://feeds.transistor.fm/operations-with-sean-lane"
"media-current.csv","M005","title","unknown (episode with Brandon Bussey on AI in go-to-market teams; exact title not shown)","Everybody Has AI. Nobody Owns It.","https://revopsaf.podbean.com/e/everybody-has-ai-nobody-owns-it/"
"media-current.csv","M005","date","unknown (listed June 26, year not shown)","2026-06-26","https://revopsaf.podbean.com/e/everybody-has-ai-nobody-owns-it/"
"media-current.csv","M005","url","https://podcasts.apple.com/co/podcast/revopsaf-the-podcast/id1761200098?l=en-GB","https://revopsaf.podbean.com/e/everybody-has-ai-nobody-owns-it/","https://revopsaf.podbean.com/e/everybody-has-ai-nobody-owns-it/"
"media-current.csv","M005","confirmed","partial","yes","https://revopsaf.podbean.com/e/everybody-has-ai-nobody-owns-it/"
"media-current.csv","M006","title","unknown (episode with Nikko Georgantonis on AI MEDDPICC inspection agents; exact title not shown)","From Reactive to Proactive: Building AI-Powered RevOps with Nikko Georgantonis of Hightouch","https://the-revops-review.captivate.fm/episode/from-reactive-to-proactive-building-ai-powered-revops"
"media-current.csv","M006","date","unknown (listed May 1, year not shown)","2026-05-01","https://the-revops-review.captivate.fm/episode/from-reactive-to-proactive-building-ai-powered-revops"
"media-current.csv","M006","url","https://podcasts.apple.com/us/podcast/the-revops-review/id1695566730","https://the-revops-review.captivate.fm/episode/from-reactive-to-proactive-building-ai-powered-revops","https://the-revops-review.captivate.fm/episode/from-reactive-to-proactive-building-ai-powered-revops"
"media-current.csv","M006","confirmed","partial","yes","https://the-revops-review.captivate.fm/episode/from-reactive-to-proactive-building-ai-powered-revops"
"media-current.csv","M007","date","unknown","2025-05-27","https://www.growcfo.net/2025/05/27/235-how-ai-is-transforming-accounts-receivable-with-ben-winter-co-founder-stuut-and-jeff-martini-cfo-bishop-lifting/"
"media-current.csv","M008","row","dropped: episode page dated 2022-01-03, before Jan 2024 | Month-End Close Automation with Linda Harris (Ichor Systems)","(row deleted)","https://www.skystem.com/podcasts/month-end-close-automation-with-linda-harris/"
"media-current.csv","M009","row","dropped: episode page dated 2021-10-04, before Jan 2024 | A Controller's Journey into Month-End Close Automation","(row deleted)","https://www.skystem.com/podcasts/a-controllers-journey-into-month-end-close-automation-aquarion/"
"media-current.csv","M010","title","unknown (episode with Connagh Hopkins; topics include AI in finance)","From Who Wants to Be a Millionaire? to Energy Transformation: Connagh Hopkins","https://FPAtoday.podbean.com/e/from-who-wants-to-be-a-millionaire-to-energy-transformation-connagh-hopkins/"
"media-current.csv","M010","date","unknown","2025-07-22","https://FPAtoday.podbean.com/e/from-who-wants-to-be-a-millionaire-to-energy-transformation-connagh-hopkins/"
"media-current.csv","M010","url","https://fpatoday.podbean.com","https://FPAtoday.podbean.com/e/from-who-wants-to-be-a-millionaire-to-energy-transformation-connagh-hopkins/","https://FPAtoday.podbean.com/e/from-who-wants-to-be-a-millionaire-to-energy-transformation-connagh-hopkins/"
"media-current.csv","M010","confirmed","partial","yes","https://FPAtoday.podbean.com/e/from-who-wants-to-be-a-millionaire-to-energy-transformation-connagh-hopkins/"
"media-current.csv","M011","transcript","unknown","page","https://feeds.transistor.fm/the-human-element"
"media-current.csv","M012","title","unknown (episode with Heather Oxley on deploying AI across the talent life cycle)","The Moments That Make or Break Your HR Function","https://share.transistor.fm/s/ccdb8a5e"
"media-current.csv","M012","date","unknown","2026-05-26","https://share.transistor.fm/s/ccdb8a5e"
"media-current.csv","M012","url","https://podcasts.apple.com/in/podcast/the-human-element-chro-hr-leadership-podcast/id1845853738","https://share.transistor.fm/s/ccdb8a5e","https://share.transistor.fm/s/ccdb8a5e"
"media-current.csv","M012","transcript","unknown","page","https://share.transistor.fm/s/ccdb8a5e/transcript.txt"
"media-current.csv","M012","confirmed","partial","yes","https://share.transistor.fm/s/ccdb8a5e"
"media-current.csv","M013","title","unknown (episode with Michael Fraccaro on AI adoption as a leadership problem)","Why AI adoption is the leadership test of the decade | Michael Fraccaro, former Fellow & CHRO, Mastercard","https://theworkblueprint.podbean.com/e/why-ai-adoption-is-the-leadership-test-of-the-decade-michael-fraccaro-former-fellow-chro-mastercard/"
"media-current.csv","M013","date","unknown","2026-07-08","https://theworkblueprint.podbean.com/e/why-ai-adoption-is-the-leadership-test-of-the-decade-michael-fraccaro-former-fellow-chro-mastercard/"
"media-current.csv","M013","url","https://podcasts.apple.com/us/podcast/the-work-blueprint/id1840299580","https://theworkblueprint.podbean.com/e/why-ai-adoption-is-the-leadership-test-of-the-decade-michael-fraccaro-former-fellow-chro-mastercard/","https://theworkblueprint.podbean.com/e/why-ai-adoption-is-the-leadership-test-of-the-decade-michael-fraccaro-former-fellow-chro-mastercard/"
"media-current.csv","M013","transcript","unknown","page","https://mcdn.podbean.com/mf/web/6ih2ck3b3f729c4a/TRANSCRIPT_TWB_with_Michael_Fraccaro6bxdb.srt"
"media-current.csv","M013","confirmed","partial","yes","https://theworkblueprint.podbean.com/e/why-ai-adoption-is-the-leadership-test-of-the-decade-michael-fraccaro-former-fellow-chro-mastercard/"
"media-current.csv","M014","date","unknown","2026-09-28","https://rss.libsyn.com/shows/73996/destinations/323169.xml"
"media-current.csv","M016","title","unknown (Ep. 876, Gaël De Martelaere on rebuilding foundations for AI)","876: AI with Purpose: Designing Procurement's Next Chapter W/ Gaël De Martelaere","https://artofprocurement.libsyn.com/876-ai-with-purpose-designing-procurements-next-chapter-w-gal-de-martelaere"
"media-current.csv","M016","date","unknown","2026-07-27","https://artofprocurement.libsyn.com/876-ai-with-purpose-designing-procurements-next-chapter-w-gal-de-martelaere"
"media-current.csv","M016","url","https://podcasts.apple.com/us/podcast/art-of-procurement/id1055764100","https://artofprocurement.libsyn.com/876-ai-with-purpose-designing-procurements-next-chapter-w-gal-de-martelaere","https://artofprocurement.libsyn.com/876-ai-with-purpose-designing-procurements-next-chapter-w-gal-de-martelaere"
"media-current.csv","M016","confirmed","partial","yes","https://artofprocurement.libsyn.com/876-ai-with-purpose-designing-procurements-next-chapter-w-gal-de-martelaere"
"media-current.csv","M017","title","unknown (special episode with CPOs from Nestlé, Kraft Heinz and Heineken on agentic AI)","Episode 038: Field Notes – Insights from Procurement Leaders in the Consumer Products Industry at World Procurement Congress","https://podcasters.spotify.com/pod/show/future-of-procurement/episodes/Episode-038-Field-Notes--Insights-from-Procurement-Leaders-in-the-Consumer-Products-Industry-at-World-Procurement-Congress-e3pifqr"
"media-current.csv","M017","date","unknown","2026-09-29","https://podcasters.spotify.com/pod/show/future-of-procurement/episodes/Episode-038-Field-Notes--Insights-from-Procurement-Leaders-in-the-Consumer-Products-Industry-at-World-Procurement-Congress-e3pifqr"
"media-current.csv","M017","url","https://podcasts.apple.com/ug/podcast/the-future-of-procurement/id1764078646","https://podcasters.spotify.com/pod/show/future-of-procurement/episodes/Episode-038-Field-Notes--Insights-from-Procurement-Leaders-in-the-Consumer-Products-Industry-at-World-Procurement-Congress-e3pifqr","https://podcasters.spotify.com/pod/show/future-of-procurement/episodes/Episode-038-Field-Notes--Insights-from-Procurement-Leaders-in-the-Consumer-Products-Industry-at-World-Procurement-Congress-e3pifqr"
"media-current.csv","M017","speakers","unknown (CPOs of Nestlé, Kraft Heinz, Heineken)","Jacob Busk Nielsen; Janelle Aydin; Hervé Le Faou; Gordon Donovan (host, SAP)","https://podcasters.spotify.com/pod/show/future-of-procurement/episodes/Episode-038-Field-Notes--Insights-from-Procurement-Leaders-in-the-Consumer-Products-Industry-at-World-Procurement-Congress-e3pifqr"
"media-current.csv","M017","confirmed","partial","yes","https://podcasters.spotify.com/pod/show/future-of-procurement/episodes/Episode-038-Field-Notes--Insights-from-Procurement-Leaders-in-the-Consumer-Products-Industry-at-World-Procurement-Congress-e3pifqr"
"media-current.csv","M018","title","unknown (episode with Alex Herrity, adidas legal operations)","Keeping Legal AI Real, with Alex Herrity of adidas","https://meetingoftheminds.podbean.com/e/keeping-legal-ai-real-with-alex-herrity-of-adidas/"
"media-current.csv","M018","confirmed","partial","yes","https://meetingoftheminds.podbean.com/e/keeping-legal-ai-real-with-alex-herrity-of-adidas/"
"media-current.csv","M019","title","unknown (episode with Olivier Plummer on contract intelligence and AI agents)","The Strategic Evolution of Legal Ops with Olivier Plummer of Coinbase","https://meetingoftheminds.podbean.com/e/the-strategic-evolution-of-legal-ops-with-olivier-plummer/"
"media-current.csv","M019","date","unknown","2026-04-06","https://meetingoftheminds.podbean.com/e/the-strategic-evolution-of-legal-ops-with-olivier-plummer/"
"media-current.csv","M019","url","https://podcastaddict.com/podcast/6964351","https://meetingoftheminds.podbean.com/e/the-strategic-evolution-of-legal-ops-with-olivier-plummer/","https://meetingoftheminds.podbean.com/e/the-strategic-evolution-of-legal-ops-with-olivier-plummer/"
"media-current.csv","M019","confirmed","partial","yes","https://meetingoftheminds.podbean.com/e/the-strategic-evolution-of-legal-ops-with-olivier-plummer/"
"media-current.csv","M020","title","unknown (special edition: Workday Global Legal Services on deploying contract AI)","The ROI of AI: Learnings from Customer Zero","https://meetingoftheminds.podbean.com/e/the-roi-of-ai-learnings-from-customer-zero/"
"media-current.csv","M020","date","2025-03 (per Podimo listing)","2025-08-01","https://meetingoftheminds.podbean.com/e/the-roi-of-ai-learnings-from-customer-zero/"
"media-current.csv","M020","url","https://podimo.com/es/shows/meeting-of-the-minds-the-legal-ai-podcast/episode/83c058d8-d6cf-4ff6-a90e-dc30484872d2","https://meetingoftheminds.podbean.com/e/the-roi-of-ai-learnings-from-customer-zero/","https://meetingoftheminds.podbean.com/e/the-roi-of-ai-learnings-from-customer-zero/"
"media-current.csv","M020","confirmed","partial","yes","https://meetingoftheminds.podbean.com/e/the-roi-of-ai-learnings-from-customer-zero/"
"media-current.csv","M021","date","unknown (about a year before Oct 2026 per listing)","2025-09-19","https://www.youtube.com/watch?v=_E4KIhQVPLE"
"media-current.csv","M021","speaker_role","unknown","Leads service management architecture and governance","https://www.youtube.com/watch?v=_E4KIhQVPLE"
"media-current.csv","M021","speaker_org","unknown","Vodafone Intelligent Solutions (VOIS)","https://www.youtube.com/watch?v=_E4KIhQVPLE"
"media-current.csv","M021","org_type","unknown","telecommunications (Vodafone shared-services arm)","https://www.youtube.com/watch?v=_E4KIhQVPLE"
"media-current.csv","M021","confirmed","partial","yes","https://www.youtube.com/watch?v=_E4KIhQVPLE"
"media-current.csv","M022","title","unknown (panel on AI-driven talent strategy with CIOs of TD Synnex, Zurich North America, Western Digital)","Talent Strategies for an AI Future: CIO Insights from TD SYNNEX, Zurich, and Western Digital","https://podcasts.apple.com/us/podcast/talent-strategies-for-an-ai-future-cio-insights-from/id296392049?i=1000715573739"
"media-current.csv","M022","date","2025-07 (per listing)","2025-07-03","https://podcasts.apple.com/us/podcast/talent-strategies-for-an-ai-future-cio-insights-from/id296392049?i=1000715573739"
"media-current.csv","M022","url","https://podcasts.apple.com/ca/podcast/technovation-with-peter-high-cio-cto-cdo-cxo-interviews/id296392049","https://podcasts.apple.com/us/podcast/talent-strategies-for-an-ai-future-cio-insights-from/id296392049?i=1000715573739","https://podcasts.apple.com/us/podcast/talent-strategies-for-an-ai-future-cio-insights-from/id296392049?i=1000715573739"
"media-current.csv","M022","speakers","Kristie Grinnell; Madhu Ramamurthy; Sesh Tirumala; Peter High (host)","Kristie Grinnell; Madhu Ramamurthy; Sesh Tirumala; Ozlem Ulusoy (moderator)","https://podcasts.apple.com/us/podcast/talent-strategies-for-an-ai-future-cio-insights-from/id296392049?i=1000715573739"
"media-current.csv","M022","confirmed","partial","yes","https://podcasts.apple.com/us/podcast/talent-strategies-for-an-ai-future-cio-insights-from/id296392049?i=1000715573739"
"media-current.csv","M023","title","unknown (interview with Shamim Mohammad on agentic AI)","Shamim Mohammad on CarMax’s Digital-First Journey and the Future of Agentic AI","https://podcasts.apple.com/us/podcast/shamim-mohammad-on-carmaxs-digital-first-journey-and/id296392049?i=1000703860863"
"media-current.csv","M023","date","unknown","2025-04-17","https://podcasts.apple.com/us/podcast/shamim-mohammad-on-carmaxs-digital-first-journey-and/id296392049?i=1000703860863"
"media-current.csv","M023","url","https://podcasts.apple.com/ca/podcast/technovation-with-peter-high-cio-cto-cdo-cxo-interviews/id296392049","https://podcasts.apple.com/us/podcast/shamim-mohammad-on-carmaxs-digital-first-journey-and/id296392049?i=1000703860863","https://podcasts.apple.com/us/podcast/shamim-mohammad-on-carmaxs-digital-first-journey-and/id296392049?i=1000703860863"
"media-current.csv","M023","confirmed","partial","yes","https://podcasts.apple.com/us/podcast/shamim-mohammad-on-carmaxs-digital-first-journey-and/id296392049?i=1000703860863"
"media-current.csv","M024","title","unknown (interview with Jennifer Hartsock on Cargill digital strategy)","Nourishing the World: Cargill’s Digital and AI Evolution with CIDO Jennifer Hartsock","https://podcasts.apple.com/us/podcast/nourishing-the-world-cargills-digital-and-ai/id296392049?i=1000715103133"
"media-current.csv","M024","date","2025-06 (per listing)","2025-06-30","https://podcasts.apple.com/us/podcast/nourishing-the-world-cargills-digital-and-ai/id296392049?i=1000715103133"
"media-current.csv","M024","url","https://podcasts.apple.com/ca/podcast/technovation-with-peter-high-cio-cto-cdo-cxo-interviews/id296392049","https://podcasts.apple.com/us/podcast/nourishing-the-world-cargills-digital-and-ai/id296392049?i=1000715103133","https://podcasts.apple.com/us/podcast/nourishing-the-world-cargills-digital-and-ai/id296392049?i=1000715103133"
"media-current.csv","M024","confirmed","partial","yes","https://podcasts.apple.com/us/podcast/nourishing-the-world-cargills-digital-and-ai/id296392049?i=1000715103133"
"media-current.csv","M025","date","unknown","2026-04-22","https://podcasts.apple.com/us/podcast/buy-vs-build-ai-security-why-box-com-http-box-com-ciso/id1711183470?i=1000763138332"
"media-current.csv","M025","url","https://podcasts.apple.com/us/podcast/ai-security-podcast/id1711183470","https://podcasts.apple.com/us/podcast/buy-vs-build-ai-security-why-box-com-http-box-com-ciso/id1711183470?i=1000763138332","https://podcasts.apple.com/us/podcast/buy-vs-build-ai-security-why-box-com-http-box-com-ciso/id1711183470?i=1000763138332"
"media-current.csv","M025","confirmed","partial","yes","https://podcasts.apple.com/us/podcast/buy-vs-build-ai-security-why-box-com-http-box-com-ciso/id1711183470?i=1000763138332"
"media-current.csv","M027","title","unknown (Smartsheet segment on deploying agentic AI across the enterprise incl. SOC triage)","Don’t Be a Risk Manager. Be a Trust Architect.","https://podcasts.apple.com/us/podcast/dont-be-a-risk-manager-be-a-trust-architect/id1460075361?i=1000780267123"
"media-current.csv","M027","date","unknown","2026-08-06","https://podcasts.apple.com/us/podcast/dont-be-a-risk-manager-be-a-trust-architect/id1460075361?i=1000780267123"
"media-current.csv","M027","url","https://podcasts.apple.com/us/podcast/the-new-ciso/id1460075361","https://podcasts.apple.com/us/podcast/dont-be-a-risk-manager-be-a-trust-architect/id1460075361?i=1000780267123","https://podcasts.apple.com/us/podcast/dont-be-a-risk-manager-be-a-trust-architect/id1460075361?i=1000780267123"
"media-current.csv","M027","confirmed","partial","yes","https://podcasts.apple.com/us/podcast/dont-be-a-risk-manager-be-a-trust-architect/id1460075361?i=1000780267123"
"media-current.csv","M028","title","unknown (Dutch-language episode asking whether an AI agent can replace the compliance department)","Leanne Joseph, Tom van de Laar & Pieter van Doorn – Live from the Compliance Event 2026: The Future of Compliance","https://app.springcast.fm/17213/compliance-event-podcast-2026"
"media-current.csv","M028","date","2026-09 (about a month before Oct 2026, per listing)","2026-09-05","https://app.springcast.fm/17213/compliance-event-podcast-2026"
"media-current.csv","M028","url","https://podcasts.apple.com/us/podcast/leaders-in-finance-compliance-podcast-ervaringen-van/id1497784652","https://app.springcast.fm/17213/compliance-event-podcast-2026","https://app.springcast.fm/17213/compliance-event-podcast-2026"
"media-current.csv","M028","confirmed","partial","yes","https://app.springcast.fm/17213/compliance-event-podcast-2026"
"media-current.csv","M029","title","unknown (episode with Ron Whitener recorded live at AI4 2026)","How Banks Are Preparing for AI Agents | Truist's Chief Privacy Officer | Recorded Live at AI4 2026","https://the-caio-podcast-with-sanjay-pu.cohostpodcasting.com/episodes/how-banks-are-preparing-for-ai-agents-truist-s-chief-privacy-officer-recorded-live-at-ai4-2026"
"media-current.csv","M029","date","2026 (per listing)","2026-08-08","https://the-caio-podcast-with-sanjay-pu.cohostpodcasting.com/episodes/how-banks-are-preparing-for-ai-agents-truist-s-chief-privacy-officer-recorded-live-at-ai4-2026"
"media-current.csv","M029","url","https://podcasts.apple.com/us/podcast/the-caio-connect-podcast-chief-ai-officer-connect-podcast/id1749085722","https://the-caio-podcast-with-sanjay-pu.cohostpodcasting.com/episodes/how-banks-are-preparing-for-ai-agents-truist-s-chief-privacy-officer-recorded-live-at-ai4-2026","https://the-caio-podcast-with-sanjay-pu.cohostpodcasting.com/episodes/how-banks-are-preparing-for-ai-agents-truist-s-chief-privacy-officer-recorded-live-at-ai4-2026"
"media-current.csv","M029","confirmed","partial","yes","https://the-caio-podcast-with-sanjay-pu.cohostpodcasting.com/episodes/how-banks-are-preparing-for-ai-agents-truist-s-chief-privacy-officer-recorded-live-at-ai4-2026"
"media-current.csv","M031","title","unknown (episode with Vinay Perneti on Augment becoming AI native)","We thought we were AI native. We weren't. A conversation with Vinay Perneti, VP of Eng at Augment Code","https://www.buzzsprout.com/2610971/episodes/19160103-we-thought-we-were-ai-native-we-weren-t-a-conversation-with-vinay-perneti-vp-of-eng-at-augment-code"
"media-current.csv","M031","date","2026 (about 140 days before Oct 2026, per listing)","2026-05-12","https://www.buzzsprout.com/2610971/episodes/19160103-we-thought-we-were-ai-native-we-weren-t-a-conversation-with-vinay-perneti-vp-of-eng-at-augment-code"
"media-current.csv","M031","url","https://podcasts.apple.com/us/podcast/we-built-what/id1895262531","https://www.buzzsprout.com/2610971/episodes/19160103-we-thought-we-were-ai-native-we-weren-t-a-conversation-with-vinay-perneti-vp-of-eng-at-augment-code","https://www.buzzsprout.com/2610971/episodes/19160103-we-thought-we-were-ai-native-we-weren-t-a-conversation-with-vinay-perneti-vp-of-eng-at-augment-code"
"media-current.csv","M031","confirmed","partial","yes","https://www.buzzsprout.com/2610971/episodes/19160103-we-thought-we-were-ai-native-we-weren-t-a-conversation-with-vinay-perneti-vp-of-eng-at-augment-code"
"media-current.csv","M032","title","unknown (episode with Niklas Gustavsson on scaling agentic coding across engineering)","The Future of Dev Experience: Spotify’s Playbook for Organization‑Scale AI","https://www.aiengineeringpodcast.com/spotify-agentic-developer-experience-episode-74"
"media-current.csv","M032","date","unknown","2026-01-20","https://www.aiengineeringpodcast.com/spotify-agentic-developer-experience-episode-74"
"media-current.csv","M032","url","https://podcasts.apple.com/us/podcast/ai-engineering-podcast/id1626358243","https://www.aiengineeringpodcast.com/spotify-agentic-developer-experience-episode-74","https://www.aiengineeringpodcast.com/spotify-agentic-developer-experience-episode-74"
"media-current.csv","M032","transcript","unknown","page","https://assets.podhome.fm/f6ff0caa-931b-4c08-bfdd-08dc7f5cd336/transcript_07ac8867-ee66-4197-b6ba-e3100f87f4c3639044651790230287.html"
"media-current.csv","M032","confirmed","partial","yes","https://www.aiengineeringpodcast.com/spotify-agentic-developer-experience-episode-74"
"media-current.csv","M033","title","unknown (episode with Jaime DeLanghe on engineering culture when a team steers the same coding agent)","Slack Wants to Be the Context Harness for Code | CPO Jaime DeLanghe","https://chainofthought.show/podcast/71-slack-wants-to-be-the-context-harness-for-code-cpo-jaime-delanghe/"
"media-current.csv","M033","date","unknown","2026-09-02","https://chainofthought.show/podcast/71-slack-wants-to-be-the-context-harness-for-code-cpo-jaime-delanghe/"
"media-current.csv","M033","url","https://podcasts.apple.com/us/podcast/chain-of-thought-ai-agents-infrastructure-engineering/id1776879655","https://chainofthought.show/podcast/71-slack-wants-to-be-the-context-harness-for-code-cpo-jaime-delanghe/","https://chainofthought.show/podcast/71-slack-wants-to-be-the-context-harness-for-code-cpo-jaime-delanghe/"
"media-current.csv","M033","transcript","unknown","page","https://share.transistor.fm/s/274962be/transcript.txt"
"media-current.csv","M033","confirmed","partial","yes","https://chainofthought.show/podcast/71-slack-wants-to-be-the-context-harness-for-code-cpo-jaime-delanghe/"
"media-current.csv","M034","date","unknown","2026-01-14","https://www.youtube.com/watch?v=yjDoB719yx4"
"media-current.csv","M035","date","unknown","2026-07-22","https://www.youtube.com/watch?v=LUemJGG2k4c"
"media-current.csv","M035","speakers","unknown","Tracy He; Shang Liu","https://www.youtube.com/watch?v=LUemJGG2k4c"
"media-current.csv","M035","speaker_org","unknown","LinkedIn","https://www.youtube.com/watch?v=LUemJGG2k4c"
"media-current.csv","M035","org_type","unknown","professional network (SaaS)","https://www.youtube.com/watch?v=LUemJGG2k4c"
"media-current.csv","M035","function","HR and people ops","engineering and platform","https://www.youtube.com/watch?v=LUemJGG2k4c"
"media-current.csv","M036","date","unknown","2025-01-28","https://www.youtube.com/watch?v=ZeoqBfSYuOY"
"media-current.csv","M037","date","2025 (Interrupt 2025, per search summary)","2026-06-10","https://www.youtube.com/watch?v=AqU_WyOdEyo"
"media-current.csv","M038","date","unknown","2025-06-12","https://www.youtube.com/watch?v=oyqeCHFM5U4"
"media-current.csv","M038","speakers","unknown (BlackRock AI engineering team)","Brennan Rosales; Pedro Vicente Valdez","https://www.youtube.com/watch?v=oyqeCHFM5U4"
"media-current.csv","M039","date","unknown","2026-04-06","https://www.youtube.com/watch?v=ihG5aqe9boY"
"media-current.csv","M040","date","unknown","2026-04-04","https://www.youtube.com/watch?v=KjIdAY8x0vc"
"media-current.csv","M041","title","unknown (episode with Reagan Helms on using AI in management)","301: Using AI To Make Us Better Managers; with Reagan Helms","https://www.buzzsprout.com/786260/19229387"
"media-current.csv","M041","date","unknown","2026-05-06","https://www.buzzsprout.com/786260/19229387"
"media-current.csv","M041","url","https://podcasts.apple.com/am/podcast/customer-support-leaders/id1493078157","https://www.buzzsprout.com/786260/19229387","https://www.buzzsprout.com/786260/19229387"
"media-current.csv","M041","transcript","unknown","page","https://www.buzzsprout.com/786260/19229387/transcript"
"media-current.csv","M041","confirmed","partial","yes","https://www.buzzsprout.com/786260/19229387"
"media-current.csv","M042","title","unknown (episode with Matt Ferguson on rebuilding support teams)","The skill set inventory that rebuilds teams on capability over ratings | Matt Ferguson, Mitel","https://podcasters.spotify.com/pod/show/front-lines-studios0/episodes/The-skill-set-inventory-that-rebuilds-teams-on-capability-over-ratings--Matt-Ferguson--Mitel-e3n29i3"
"media-current.csv","M042","date","unknown","2026-08-06","https://podcasters.spotify.com/pod/show/front-lines-studios0/episodes/The-skill-set-inventory-that-rebuilds-teams-on-capability-over-ratings--Matt-Ferguson--Mitel-e3n29i3"
"media-current.csv","M042","url","https://podcasts.apple.com/ca/podcast/cx-innovators/id1802013962","https://podcasters.spotify.com/pod/show/front-lines-studios0/episodes/The-skill-set-inventory-that-rebuilds-teams-on-capability-over-ratings--Matt-Ferguson--Mitel-e3n29i3","https://podcasters.spotify.com/pod/show/front-lines-studios0/episodes/The-skill-set-inventory-that-rebuilds-teams-on-capability-over-ratings--Matt-Ferguson--Mitel-e3n29i3"
"media-current.csv","M042","confirmed","partial","yes","https://podcasters.spotify.com/pod/show/front-lines-studios0/episodes/The-skill-set-inventory-that-rebuilds-teams-on-capability-over-ratings--Matt-Ferguson--Mitel-e3n29i3"
"media-current.csv","M043","title","unknown (title claims AI Is Already Resolving 90% of Customer Service Tickets)","AI Is Already Resolving 90% of Customer Service Tickets - and It's Getting Smarter | Shashi Upadhyay, Zendesk","https://aneyeonai.libsyn.com/ai-is-already-resolving-90-of-customer-service-tickets-and-its-getting-smarter-shashi-upadhyay-zendesk"
"media-current.csv","M043","date","unknown","2026-06-12","https://aneyeonai.libsyn.com/ai-is-already-resolving-90-of-customer-service-tickets-and-its-getting-smarter-shashi-upadhyay-zendesk"
"media-current.csv","M043","url","https://podcasts.apple.com/gb/podcast/eye-on-a-i/id1438378439","https://aneyeonai.libsyn.com/ai-is-already-resolving-90-of-customer-service-tickets-and-its-getting-smarter-shashi-upadhyay-zendesk","https://aneyeonai.libsyn.com/ai-is-already-resolving-90-of-customer-service-tickets-and-its-getting-smarter-shashi-upadhyay-zendesk"
"media-current.csv","M043","speaker_role","unknown","Head of product, engineering, and AI","https://aneyeonai.libsyn.com/ai-is-already-resolving-90-of-customer-service-tickets-and-its-getting-smarter-shashi-upadhyay-zendesk"
"media-current.csv","M043","confirmed","partial","yes","https://aneyeonai.libsyn.com/ai-is-already-resolving-90-of-customer-service-tickets-and-its-getting-smarter-shashi-upadhyay-zendesk"
"media-current.csv","M044","date","2026","2026-06-03","https://www.youtube.com/watch?v=nYpos_hR1WA"
"media-current.csv","M045","date","unknown","2026-06-12","https://rss.buzzsprout.com/726882.rss"
"media-current.csv","M046","title","unknown (episode 1200, Mark Khavkin on judging AI by what it enables)","1200: When Finance Owns the Future | Mark Khavkin, CFO, Rula","https://cfo-thought-leader.captivate.fm/episode/1200-when-finance-owns-the-future-mark-khavkin-cfo-rula"
"media-current.csv","M046","date","unknown","2026-07-19","https://cfo-thought-leader.captivate.fm/episode/1200-when-finance-owns-the-future-mark-khavkin-cfo-rula"
"media-current.csv","M046","url","https://podcasts.apple.com/bh/podcast/cfo-thought-leader/id832481615","https://cfo-thought-leader.captivate.fm/episode/1200-when-finance-owns-the-future-mark-khavkin-cfo-rula","https://cfo-thought-leader.captivate.fm/episode/1200-when-finance-owns-the-future-mark-khavkin-cfo-rula"
"media-current.csv","M046","confirmed","partial","yes","https://cfo-thought-leader.captivate.fm/episode/1200-when-finance-owns-the-future-mark-khavkin-cfo-rula"
"media-current.csv","M047","title","unknown (episode 1202, Samantha Greenberg on allocating capital in an age of AI)","1202: Allocating Capital in an Age of AI | Samantha Greenberg, CFO, AlphaSense","https://cfo-thought-leader.captivate.fm/episode/1202-allocating-capital-in-an-age-of-ai-samantha-greenberg-cfo-alphasense"
"media-current.csv","M047","date","unknown","2026-08-02","https://cfo-thought-leader.captivate.fm/episode/1202-allocating-capital-in-an-age-of-ai-samantha-greenberg-cfo-alphasense"
"media-current.csv","M047","url","https://podcasts.apple.com/bh/podcast/cfo-thought-leader/id832481615","https://cfo-thought-leader.captivate.fm/episode/1202-allocating-capital-in-an-age-of-ai-samantha-greenberg-cfo-alphasense","https://cfo-thought-leader.captivate.fm/episode/1202-allocating-capital-in-an-age-of-ai-samantha-greenberg-cfo-alphasense"
"media-current.csv","M047","confirmed","partial","yes","https://cfo-thought-leader.captivate.fm/episode/1202-allocating-capital-in-an-age-of-ai-samantha-greenberg-cfo-alphasense"
"media-current.csv","M049","row","dropped: video uploaded 2023-12-11, before Jan 2024 | How HSBC/Banco Bradesco are transforming money laundering risk detection with Go","(row deleted)","https://www.youtube.com/watch?v=Cmj9bESi2To"
"media-current.csv","M051","date","unknown (June, year not shown)","2025-06-27","https://feeds.castos.com/02w3"
"media-current.csv","M051","transcript","unknown","page","https://feeds.castos.com/02w3"
"media-current.csv","M052","title","unknown (URL slug: ai-risk-management-protect-your-company-before-its-too-late-with-alec-crawford)","AI Risk Management: Protect Your Company Before It’s Too Late with Alec Crawford","https://sites.libsyn.com/284192/ai-risk-management-protect-your-company-before-its-too-late-with-alec-crawford"
"media-current.csv","M052","date","2025-10 (per search summary)","2025-10-27","https://sites.libsyn.com/284192/ai-risk-management-protect-your-company-before-its-too-late-with-alec-crawford"
"media-current.csv","M052","confirmed","partial","yes","https://sites.libsyn.com/284192/ai-risk-management-protect-your-company-before-its-too-late-with-alec-crawford"
"media-current.csv","M053","title","unknown (episode with Q Hamirani on treating AI as a teammate you onboard)","How to Onboard Your AI the Right Way","https://share.transistor.fm/s/9d793e96"
"media-current.csv","M053","date","unknown","2026-06-09","https://share.transistor.fm/s/9d793e96"
"media-current.csv","M053","url","https://podcasts.apple.com/cy/podcast/the-human-element-chro-hr-leadership-podcast/id1845853738","https://share.transistor.fm/s/9d793e96","https://share.transistor.fm/s/9d793e96"
"media-current.csv","M053","transcript","unknown","page","https://share.transistor.fm/s/9d793e96/transcript.txt"
"media-current.csv","M053","confirmed","partial","yes","https://share.transistor.fm/s/9d793e96"
"media-current.csv","M054","title","unknown (Illumio episode: people team each building and naming their own agent)","How Illumio got its whole people team using AI","https://share.transistor.fm/s/6083b807"
"media-current.csv","M054","date","unknown","2026-09-15","https://share.transistor.fm/s/6083b807"
"media-current.csv","M054","url","https://podcasts.apple.com/cy/podcast/the-human-element-chro-hr-leadership-podcast/id1845853738","https://share.transistor.fm/s/6083b807","https://share.transistor.fm/s/6083b807"
"media-current.csv","M054","transcript","unknown","page","https://share.transistor.fm/s/6083b807/transcript.txt"
"media-current.csv","M054","confirmed","partial","yes","https://share.transistor.fm/s/6083b807"
"media-current.csv","M054","speaker_role","unknown (people leader)","Chief People Officer","https://share.transistor.fm/s/6083b807"
"media-current.csv","M055","title","unknown (episode with Kyle Roed on AI-generated SOPs at a global manufacturer)","If You Can Write a Job Description, You Can Build an AI Agent","https://share.transistor.fm/s/e1e1faaa"
"media-current.csv","M055","date","unknown","2026-08-11","https://share.transistor.fm/s/e1e1faaa"
"media-current.csv","M055","url","https://podcasts.apple.com/cy/podcast/the-human-element-chro-hr-leadership-podcast/id1845853738","https://share.transistor.fm/s/e1e1faaa","https://share.transistor.fm/s/e1e1faaa"
"media-current.csv","M055","transcript","unknown","page","https://share.transistor.fm/s/e1e1faaa/transcript.txt"
"media-current.csv","M055","confirmed","partial","yes","https://share.transistor.fm/s/e1e1faaa"
"media-current.csv","M056","date","2025 (about 324 days before Oct 2026, per listing)","2025-11-20","https://omny.fm/shows/the-mckinsey-podcast/how-ai-is-redefining-the-coo-s-role"
"media-current.csv","M056","url","https://open.spotify.com/episode/0xIzHeDvQRAzAzdJ92wHoj","https://omny.fm/shows/the-mckinsey-podcast/how-ai-is-redefining-the-coo-s-role","https://omny.fm/shows/the-mckinsey-podcast/how-ai-is-redefining-the-coo-s-role"
"media-current.csv","M056","speakers","unknown (McKinsey)","Daniel Swan; Roberta Fusaro (host)","https://omny.fm/shows/the-mckinsey-podcast/how-ai-is-redefining-the-coo-s-role"
"media-current.csv","M056","speaker_role","unknown","Senior Partner","https://omny.fm/shows/the-mckinsey-podcast/how-ai-is-redefining-the-coo-s-role"
"media-current.csv","M056","confirmed","partial","yes","https://omny.fm/shows/the-mckinsey-podcast/how-ai-is-redefining-the-coo-s-role"
"media-current.csv","M057","date","unknown (2026 series)","2025-12-25","https://rss.buzzsprout.com/1041739.rss"
"media-current.csv","M058","title","unknown (Trimble episode on GenAI-powered agents across design, product development and internal workflows)","Why Trimble’s VP of Technology Innovation Embraces Chaos while Reducing Friction","https://podcast.workato.com/public/168/The-New-Automation-Mindset%3A-AI-%2B-Automation-%2B-Integration-5c7b48ac"
"media-current.csv","M058","date","unknown","2025-10-22","https://podcast.workato.com/public/168/The-New-Automation-Mindset%3A-AI-%2B-Automation-%2B-Integration-5c7b48ac"
"media-current.csv","M058","url","https://podcasts.apple.com/us/podcast/the-new-automation-mindset-ai-automation-integration/id1716991903","https://podcast.workato.com/public/168/The-New-Automation-Mindset%3A-AI-%2B-Automation-%2B-Integration-5c7b48ac","https://podcast.workato.com/public/168/The-New-Automation-Mindset%3A-AI-%2B-Automation-%2B-Integration-5c7b48ac"
"media-current.csv","M059","title","unknown (episode on Shopify's internal agent, River)","Small Models, Massive Wins: The New Shopify AI Formula","https://podcasts.apple.com/us/podcast/small-models-massive-wins-the-new-shopify-ai-formula/id1839285239?i=1000774023400"
"media-current.csv","M059","date","unknown","2026-06-24","https://podcasts.apple.com/us/podcast/small-models-massive-wins-the-new-shopify-ai-formula/id1839285239?i=1000774023400"
"media-current.csv","M059","url","https://podcasts.apple.com/us/podcast/beyond-the-pilot-enterprise-ai-in-action/id1839285239","https://podcasts.apple.com/us/podcast/small-models-massive-wins-the-new-shopify-ai-formula/id1839285239?i=1000774023400","https://podcasts.apple.com/us/podcast/small-models-massive-wins-the-new-shopify-ai-formula/id1839285239?i=1000774023400"
"media-current.csv","M059","speakers","unknown (Shopify)","Farhan Thawar","https://podcasts.apple.com/us/podcast/small-models-massive-wins-the-new-shopify-ai-formula/id1839285239?i=1000774023400"
"media-current.csv","M059","speaker_role","unknown","VP & Head of Engineering","https://podcasts.apple.com/us/podcast/small-models-massive-wins-the-new-shopify-ai-formula/id1839285239?i=1000774023400"
"media-current.csv","M059","confirmed","partial","yes","https://podcasts.apple.com/us/podcast/small-models-massive-wins-the-new-shopify-ai-formula/id1839285239?i=1000774023400"
"media-current.csv","M060","date","2025-01 (about 638 days before Oct 2026, per listing)","2025-01-09","https://www.youtube.com/watch?v=4pkx87y2r8Y"
"media-current.csv","M060","speakers","unknown (in-house legal team)","Laura Dietschy; Emma Dickin (host, LexisNexis UK)","https://www.youtube.com/watch?v=4pkx87y2r8Y"
"media-current.csv","M060","speaker_role","unknown","Commercial Legal Lead","https://www.youtube.com/watch?v=4pkx87y2r8Y"
"media-current.csv","M060","speaker_org","unknown","Palantir Technologies","https://www.youtube.com/watch?v=4pkx87y2r8Y"
"media-current.csv","M060","org_type","unknown","software","https://www.youtube.com/watch?v=4pkx87y2r8Y"
"media-current.csv","M060","confirmed","partial","yes","https://www.youtube.com/watch?v=4pkx87y2r8Y"
"media-current.csv","M061","date","unknown","2025-01-24","https://www.youtube.com/watch?v=XJJ4zjbcKa0"
"media-current.csv","M061","speakers","unknown","Alex Love; Emma Dickin (host, LexisNexis UK)","https://www.youtube.com/watch?v=XJJ4zjbcKa0"
"media-current.csv","M061","speaker_role","unknown","Corporate Counsel","https://www.youtube.com/watch?v=XJJ4zjbcKa0"
"media-current.csv","M061","speaker_org","unknown","Algolia","https://www.youtube.com/watch?v=XJJ4zjbcKa0"
"media-current.csv","M061","org_type","unknown","SaaS (search)","https://www.youtube.com/watch?v=XJJ4zjbcKa0"
"media-current.csv","M061","confirmed","partial","yes","https://www.youtube.com/watch?v=XJJ4zjbcKa0"
"media-current.csv","M062","date","2025","2025-08-14","https://www.youtube.com/watch?v=J1BZeOUf8U0"
"media-current.csv","M063","date","unknown","2026-05-27","https://www.youtube.com/watch?v=ORc7-DeCp2o"
"media-current.csv","M064","title","unknown (URL slug: your-engineers-need-an-ai-control-plane-not-more-tools-guild-ai-s-james-everingham)","Your engineers need an AI control plane, not more tools | Guild.ai’s James Everingham","https://devinterrupted.buzzsprout.com/1422892/episodes/18820118-your-engineers-need-an-ai-control-plane-not-more-tools-guild-ai-s-james-everingham"
"media-current.csv","M064","date","2026 (per search summary)","2026-03-10","https://devinterrupted.buzzsprout.com/1422892/episodes/18820118-your-engineers-need-an-ai-control-plane-not-more-tools-guild-ai-s-james-everingham"
"media-current.csv","M064","confirmed","partial","yes","https://devinterrupted.buzzsprout.com/1422892/episodes/18820118-your-engineers-need-an-ai-control-plane-not-more-tools-guild-ai-s-james-everingham"
"media-current.csv","M065","title","unknown (episode with Loic Houssier on organic AI adoption on a skeptical engineering team)","How leaders win over their team’s biggest AI skeptics | Superhuman’s Loic Houssier","https://www.buzzsprout.com/1422892/episodes/18086399-how-leaders-win-over-their-team-s-biggest-ai-skeptics-superhuman-s-loic-houssier"
"media-current.csv","M065","date","unknown","2025-10-28","https://www.buzzsprout.com/1422892/episodes/18086399-how-leaders-win-over-their-team-s-biggest-ai-skeptics-superhuman-s-loic-houssier"
"media-current.csv","M065","url","https://podcasts.apple.com/ly/podcast/dev-interrupted/id1537003676?l=ar","https://www.buzzsprout.com/1422892/episodes/18086399-how-leaders-win-over-their-team-s-biggest-ai-skeptics-superhuman-s-loic-houssier","https://www.buzzsprout.com/1422892/episodes/18086399-how-leaders-win-over-their-team-s-biggest-ai-skeptics-superhuman-s-loic-houssier"
"media-current.csv","M065","confirmed","partial","yes","https://www.buzzsprout.com/1422892/episodes/18086399-how-leaders-win-over-their-team-s-biggest-ai-skeptics-superhuman-s-loic-houssier"
"media-current.csv","M066","date","unknown","2025-06-03","https://www.youtube.com/watch?v=XYV6Z4i3zys"
"media-current.csv","M066","speakers","unknown (TeamSystem)","Carola; Raluca (host, Customerly)","https://www.youtube.com/watch?v=XYV6Z4i3zys"
"media-current.csv","M071","date","unknown","2026-07-17","https://web.archive.org/web/2026/https://www.cxotalk.com/episode/agentic-ai-in-financial-services-former-ubs-and-sap-group-cio"
"media-current.csv","M072","date","unknown","2026-01-01","https://www.youtube.com/watch?v=I-R1bc1rlFs"
"media-current.csv","M072","speakers","unknown (described as the founder of SaaStr)","Jason Lemkin","https://www.youtube.com/watch?v=I-R1bc1rlFs"
"media-current.csv","M072","confirmed","partial","yes","https://www.youtube.com/watch?v=I-R1bc1rlFs"
"media-current.csv","M073","date","unknown","2025-09-23","https://www.youtube.com/watch?v=D1NbIiaoWdI"
"media-current.csv","M073","speakers","unknown (SaaStr)","Jason Lemkin; Amelia Lerutte","https://www.youtube.com/watch?v=D1NbIiaoWdI"
"media-current.csv","M073","speaker_role","unknown","CEO and Founder; Chief AI Officer","https://www.youtube.com/watch?v=D1NbIiaoWdI"
"media-current.csv","M073","confirmed","partial","yes","https://www.youtube.com/watch?v=D1NbIiaoWdI"
"media-current.csv","M075","title","unknown (2025 episode with Brooks Hall on adopting AI with human oversight)","When AI is Exhilarating, with Brooks Hall","https://meetingoftheminds.podbean.com/e/when-ai-is-exhilarating-with-brooks-hall/"
"media-current.csv","M075","date","2025 (per search summary)","2025-10-01","https://meetingoftheminds.podbean.com/e/when-ai-is-exhilarating-with-brooks-hall/"
"media-current.csv","M075","url","https://podcasts.apple.com/us/podcast/meeting-of-the-minds-the-legal-ai-podcast/id1741521307","https://meetingoftheminds.podbean.com/e/when-ai-is-exhilarating-with-brooks-hall/","https://meetingoftheminds.podbean.com/e/when-ai-is-exhilarating-with-brooks-hall/"
"media-current.csv","M075","confirmed","partial","yes","https://meetingoftheminds.podbean.com/e/when-ai-is-exhilarating-with-brooks-hall/"
"media-current.csv","M076","speaker_role","unknown","EVP of Contracts, Compliance and Commercial Services","https://podcasts.apple.com/us/podcast/the-second-order-impact-of-ai-on-legal-operations/id1595791657?i=1000735377193"
"media-current.csv","M076","confirmed","partial","yes","https://podcasts.apple.com/us/podcast/the-second-order-impact-of-ai-on-legal-operations/id1595791657?i=1000735377193"
"media-current.csv","M077","transcript","unknown","page","https://feeds.transistor.fm/cro-spotlight"
"media-current.csv","M078","date","unknown","2025-10-26","https://www.youtube.com/watch?v=sqkwAK8oxmI"
"media-current.csv","M078","speakers","Matthew Volm (host); guest unknown","Matthew Volm (host); Chris Ferraro; Brian Knaupe; Sandeep Kumar; Josh Azorsky","https://www.youtube.com/watch?v=sqkwAK8oxmI"
"media-current.csv","M078","speaker_org","unknown","Celigo","https://www.youtube.com/watch?v=sqkwAK8oxmI"
"media-current.csv","M079","date","unknown (recorded after the RevOps AF Conference)","2026-05-22","https://www.youtube.com/watch?v=vI9xn64joxE"
"media-current.csv","M080","date","unknown","2025-09-02","https://www.youtube.com/watch?v=L3-ieW_DwT8"
"media-current.csv","M080","speakers","unknown","Alexis Bonnell","https://www.youtube.com/watch?v=L3-ieW_DwT8"
"media-current.csv","M080","speaker_role","unknown","Leads U.S. National Labs Partnership (former CIO, Air Force Research Laboratory)","https://www.youtube.com/watch?v=L3-ieW_DwT8"
"media-current.csv","M080","speaker_org","unknown (US federal government)","OpenAI","https://www.youtube.com/watch?v=L3-ieW_DwT8"
"media-current.csv","M080","org_type","public sector","AI vendor","https://www.youtube.com/watch?v=L3-ieW_DwT8"
"media-current.csv","M081","date","unknown","2025-09-05","https://rss.libsyn.com/shows/45920/destinations/151434.xml"
"media-current.csv","M082","date","unknown","2025-07-22","https://rss.libsyn.com/shows/45920/destinations/151434.xml"
"media-current.csv","M083","date","unknown","2025-05-26","https://rss.libsyn.com/shows/45920/destinations/151434.xml"
"media-current.csv","M087","date","2025 (late 2025 per listing, unconfirmed)","2025-12-01","https://www.youtube.com/watch?v=E6OnlLElh7Y"
"media-current.csv","M088","date","unknown","2026-07-06","https://www.youtube.com/watch?v=a_NAlr_PL98"
"media-current.csv","M089","date","unknown","2026-06-17","https://www.youtube.com/watch?v=aM1oHnDwsSA"
"media-current.csv","M089","speaker_role","unknown","Chief Growth Officer, Eightfold AI; Operating Advisor, AI, Bessemer Venture Partners","https://www.youtube.com/watch?v=aM1oHnDwsSA"
"media-current.csv","M089","speaker_org","unknown","Eightfold AI; Bessemer Venture Partners","https://www.youtube.com/watch?v=aM1oHnDwsSA"
"media-current.csv","M089","org_type","unknown","HR software vendor; venture capital","https://www.youtube.com/watch?v=aM1oHnDwsSA"
"media-current.csv","M090","speakers","unknown (panel)","Cathy Peterman; Liz Friedman; Amanda Myton; Shannon Flynn; Megan Ulu-Lani Boyanton (moderator, Seattle Times)","https://www.youtube.com/watch?v=STUs9Z09cEE"
"media-current.csv","M090","speaker_role","unknown","Chief People Officer, Tech; Senior Director, HR AI Transformation; Head of Learning and Development; VP, Corporate HR","https://www.youtube.com/watch?v=STUs9Z09cEE"
"media-current.csv","M090","speaker_org","unknown","Wayfair; Microsoft; Snowflake; Fortive","https://www.youtube.com/watch?v=STUs9Z09cEE"
"media-current.csv","M090","org_type","unknown","e-commerce retailer; software; software; industrial technology","https://www.youtube.com/watch?v=STUs9Z09cEE"
"media-current.csv","M090","confirmed","partial","yes","https://www.youtube.com/watch?v=STUs9Z09cEE"
"media-current.csv","M048","confirmed","partial","yes","https://feeds.fame.so/cfo-weekly"
"media-historical.csv","H002","transcript","unknown","captions","https://www.youtube.com/watch?v=n4Wf14e2jxQ"
"media-historical.csv","H004","date","2015-11","2015-11-12","https://www.usenix.org/conference/lisa15/conference-program/presentation/krishnan"
"media-historical.csv","H004","speaker_role_at_time","Google (unconfirmed exact title)","Director, Cloud Ops & Site Reliability Engineering, Google","https://www.usenix.org/conference/lisa15/conference-program/presentation/krishnan"
"media-historical.csv","H004","transcript","unknown","captions","https://www.youtube.com/watch?v=pqd3SYPpIRQ"
"media-historical.csv","H004","confirmed","partial","yes","https://www.usenix.org/conference/lisa15/conference-program/presentation/krishnan"
"media-historical.csv","H005","transcript","unknown","captions","https://www.youtube.com/watch?v=iOoxtpVBQ4I"
"media-historical.csv","H006","date","2024 (unconfirmed exact date)","2024-09-18","https://rss.libsyn.com/shows/407036/destinations/3367133.xml"
"media-historical.csv","H006","confirmed","partial","yes","https://sre.google/prodcast/transcripts/sre-prodcast-03-03/"
"media-historical.csv","H007","date","2024","2024-03-18","https://www.usenix.org/conference/srecon24americas/presentation/murphy"
"media-historical.csv","H007","speaker_role_at_time","co-author and editor of the Google SRE books","CEO, Stanza Systems; co-author and editor of the Google SRE books","https://www.usenix.org/conference/srecon24americas/presentation/murphy"
"media-historical.csv","H007","transcript","unknown","captions","https://www.youtube.com/watch?v=PxPNxh8DPo0"
"media-historical.csv","H007","confirmed","partial","yes","https://www.usenix.org/conference/srecon24americas/presentation/murphy"
"media-historical.csv","H009","transcript","slides","captions","https://www.youtube.com/watch?v=LdOe18KhtT4"
"media-historical.csv","H009","confirmed","partial","yes","https://www.youtube.com/watch?v=LdOe18KhtT4"
"media-historical.csv","H010","date","2010 (c. June, inferred from a July 2010 post)","2010-05-09","http://devopscafe.org/show/2010/5/9/episode-1.html"
"media-historical.csv","H010","url","https://dev2ops.org/devopscafe/","http://devopscafe.org/show/2010/5/9/episode-1.html","http://devopscafe.org/show/2010/5/9/episode-1.html"
"media-historical.csv","H010","confirmed","partial","yes","http://devopscafe.org/show/2010/5/9/episode-1.html"
"media-historical.csv","H011","date","2010 (unconfirmed exact date)","2010-05-20","http://devopscafe.org/show/2010/5/20/episode-2.html"
"media-historical.csv","H011","url","https://dev2ops.org/category/podcast/","http://devopscafe.org/show/2010/5/20/episode-2.html","http://devopscafe.org/show/2010/5/20/episode-2.html"
"media-historical.csv","H011","confirmed","partial","yes","http://devopscafe.org/show/2010/5/20/episode-2.html"
"media-historical.csv","H013","confirmed","partial","yes","https://itrevolution.com/the-history-of-devops"
"media-historical.csv","H014","date","2012-09","2012-09-25","https://continuousdelivery.com/2012/09/john-allspaw-discusses-devops"
"media-historical.csv","H014","speaker_role_at_time","unconfirmed","SVP of Tech Operations, Etsy","https://continuousdelivery.com/2012/09/john-allspaw-discusses-devops"
"media-historical.csv","H014","transcript","unknown","captions","https://www.youtube.com/watch?v=f49pCUT1XAU"
"media-historical.csv","H014","confirmed","partial","yes","https://continuousdelivery.com/2012/09/john-allspaw-discusses-devops"
"media-historical.csv","H015","date","2007-01 (URL dated 2007-01-17; slug says January 12, 2006)","2007-01-17","https://nevillehobson.com/2007/01/17/fir-interview-lionel-menchaca-direct2dell-january-12-2006/"
"media-historical.csv","H015","confirmed","partial","yes","https://nevillehobson.com/2007/01/17/fir-interview-lionel-menchaca-direct2dell-january-12-2006/"
"media-historical.csv","H016","confirmed","partial","yes","https://www.toprankmarketing.com/blog/scott-monty-interview/"
"media-historical.csv","H017","date","2009 (unconfirmed; early 2009 inferred from bailout reference)","2008-12-12","https://www.socialmediatoday.com/content/scott-fir-interview-scott-monty-head-social-media-ford-motor-company"
"media-historical.csv","H017","confirmed","partial","yes","https://www.socialmediatoday.com/content/scott-fir-interview-scott-monty-head-social-media-ford-motor-company"
"media-historical.csv","H018","transcript","unknown","captions","https://www.youtube.com/watch?v=mMx53yNpd3o"
"media-historical.csv","H020","title","TheSocialWeb.TV episode with Frank Eliason (unconfirmed exact title)","TheSocialWeb.TV: How Comcast Uses Twitter","https://siliconangle.com/?p=10111"
"media-historical.csv","H020","confirmed","partial","yes","https://siliconangle.com/?p=10111"
"media-historical.csv","H021","confirmed","partial","yes","https://briansolis.com/2010/10/revolution-scott-monty-steers-ford-to-social-relevance/"
"media-historical.csv","H023","speaker_role_at_time","Cloudera (unconfirmed); formerly led Facebook Data team","Vice President of Products and Chief Scientist, Cloudera; formerly led the Data team at Facebook","https://www.pdl.cmu.edu/SDI/2009/040909.html"
"media-historical.csv","H023","confirmed","partial","yes","https://www.pdl.cmu.edu/SDI/2009/040909.html"
"media-historical.csv","H024","title","Velocity 2009 interview with Jeff Hammerbacher (unconfirmed exact title)","Hacking Big Data – Jeff Hammerbacher on Hadoop & Cloudera","https://redmonk.com/cote/2009/07/08/hacking-big-data-jeff-hammerbacher-on-hadoop-cloudera/"
"media-historical.csv","H024","speakers","Jeff Hammerbacher; Stephen O'Grady","Jeff Hammerbacher; Coté (RedMonk)","https://redmonk.com/cote/2009/07/08/hacking-big-data-jeff-hammerbacher-on-hadoop-cloudera/"
"media-historical.csv","H024","confirmed","partial","yes","https://redmonk.com/cote/2009/07/08/hacking-big-data-jeff-hammerbacher-on-hadoop-cloudera/"
"media-historical.csv","H025","title","Interview with Hilary Mason (unconfirmed exact title)","Bit.ly Data Scientist Hilary Mason Spills the Beans at Strata","https://siliconangle.com/?p=40693"
"media-historical.csv","H025","confirmed","partial","yes","https://siliconangle.com/?p=40693"
"media-historical.csv","H026","url","https://www.safaribooksonline.com/library/view/strata-conference-2011/9781449304829/","https://www.youtube.com/watch?v=NXgS1ZQ-Uw0","https://www.youtube.com/watch?v=NXgS1ZQ-Uw0"
"media-historical.csv","H026","transcript","unknown","captions","https://www.youtube.com/watch?v=NXgS1ZQ-Uw0"
"media-historical.csv","H026","confirmed","partial","yes","https://www.youtube.com/watch?v=NXgS1ZQ-Uw0"
"media-historical.csv","H029","date","unconfirmed","2021-08-26","https://feeds.captivate.fm/gradient-dissent/"
"media-historical.csv","H029","url","https://wandb.ai/site/resources/podcast/episodes/jeff-hammerbacher/","https://podcasts.apple.com/us/podcast/jeff-hammerbacher-from-data-science-to-biomedicine/id1504567418?i=1000533215523","https://podcasts.apple.com/us/podcast/jeff-hammerbacher-from-data-science-to-biomedicine/id1504567418?i=1000533215523"
"media-historical.csv","H029","speaker_role_at_time","unconfirmed","Co-founder, Related Sciences","https://podcasts.apple.com/us/podcast/jeff-hammerbacher-from-data-science-to-biomedicine/id1504567418?i=1000533215523"
"media-historical.csv","H029","confirmed","partial","yes","https://podcasts.apple.com/us/podcast/jeff-hammerbacher-from-data-science-to-biomedicine/id1504567418?i=1000533215523"
"media-historical.csv","H033","transcript","unknown","captions","https://www.youtube.com/watch?v=s937H_c9LdU"
"media-historical.csv","H034","speaker_role_at_time","unconfirmed","Founder and president, Security Risk Solutions LLC (first CISO, Citicorp from 1995)","https://www.bankinfosecurity.com/steve-katz-on-reinventing-ciso-a-13020"
"media-historical.csv","H035","speaker_role_at_time","unconfirmed","Founder and president, Security Risk Solutions LLC (first CISO, Citicorp from 1995)","https://www.bankinfosecurity.com/steve-katz-on-ciso-role-in-2020-a-13894"
"media-historical.csv","H039","url","https://metacast.app/podcast/the-gradient-perspectives-on-ai/2Ux3RUXZ/riley-goodside-the-art-and-craft-of-prompt-engineering/P3Z4uh3m","https://thegradientpub.substack.com/p/riley-goodside-the-art-and-craft","https://thegradientpub.substack.com/p/riley-goodside-the-art-and-craft"
"media-historical.csv","H039","confirmed","partial","yes","https://thegradientpub.substack.com/p/riley-goodside-the-art-and-craft"
"media-historical.csv","H040","speakers","Riley Goodside (unconfirmed)","Riley Goodside","https://exchange.scale.com/public/videos/the-past-and-future-of-prompt-engineering-2023-08-23"
"media-historical.csv","H040","confirmed","partial","yes","https://exchange.scale.com/public/videos/the-past-and-future-of-prompt-engineering-2023-08-23"
"media-historical.csv","H042","title","Discussing Prompt Engineering and recent OpenAI developments with Andrew Mayne (unconfirmed exact title)","#48 - The Art of Prompt Engineering with Andrew Mayne (ex-OpenAI Creative Apps and Science Communicator)","https://bakztfuture.podbean.com/e/48-the-art-of-prompt-engineering-with-andrew-mayne-ex-openai-creative-apps-and-science-communicator/"
"media-historical.csv","H042","url","https://bakztfuture.podbean.com/","https://bakztfuture.podbean.com/e/48-the-art-of-prompt-engineering-with-andrew-mayne-ex-openai-creative-apps-and-science-communicator/","https://bakztfuture.podbean.com/e/48-the-art-of-prompt-engineering-with-andrew-mayne-ex-openai-creative-apps-and-science-communicator/"
"media-historical.csv","H042","confirmed","partial","yes","https://bakztfuture.podbean.com/e/48-the-art-of-prompt-engineering-with-andrew-mayne-ex-openai-creative-apps-and-science-communicator/"
"media-historical.csv","H044","speakers","Zack Witten and other Anthropic staff (full list unconfirmed)","Amanda Askell (Alignment Finetuning); Alex Albert (Developer Relations); David Hershey (Applied AI); Zack Witten (Prompt Engineering)","https://www.youtube.com/watch?v=T9aRN5JkmL8"
"media-historical.csv","H044","transcript","unknown","captions","https://www.youtube.com/watch?v=T9aRN5JkmL8"
"media-historical.csv","H044","confirmed","partial","yes","https://www.youtube.com/watch?v=T9aRN5JkmL8"
"media-historical.csv","H045","date","2024 (unconfirmed; inferred from o1 discussion)","2024-09-30","https://www.interconnects.ai/p/riley-goodside-on-science-of-prompting"
"media-historical.csv","H045","url","https://podcast.interconnects.ai/episodes/interviewing-riley-goodside-on-the-science-of-prompting","https://www.interconnects.ai/p/riley-goodside-on-science-of-prompting","https://www.interconnects.ai/p/riley-goodside-on-science-of-prompting"
"media-historical.csv","H045","speaker_role_at_time","unconfirmed","Staff prompting engineer, Scale AI","https://www.interconnects.ai/p/riley-goodside-on-science-of-prompting"
"media-historical.csv","H045","transcript","unknown","page","https://www.interconnects.ai/p/riley-goodside-on-science-of-prompting"
"media-historical.csv","H045","confirmed","partial","yes","https://www.interconnects.ai/p/riley-goodside-on-science-of-prompting"
"media-historical.csv","H047","date","unconfirmed","2016-05-03","https://knowledge-architecture.com/ka-connect-talks/launching-nasas-knowledge-management-program"
"media-historical.csv","H047","confirmed","partial","yes","https://knowledge-architecture.com/ka-connect-talks/launching-nasas-knowledge-management-program"
"media-historical.csv","H048","date","2020s (unconfirmed)","2017-10-22","https://cogneon.de/search/Edvinsson/feed/rss2/"
"media-historical.csv","H051","date","1997","1998-01-27","https://en.wikipedia.org/wiki/List_of_Computer_Chronicles_episodes"
"media-current.csv","M080","vendor_or_consultant","no","yes","speaker org OpenAI (vendor), per cleaning agent"
"media-current.csv","M089","vendor_or_consultant","no","yes","speakers from Eightfold AI (vendor) and Bessemer (VC), per cleaning agent"
