"id","medium","show_or_channel","title","date","url","speakers","speaker_role","speaker_org","org_type","function","vendor_or_consultant","transcript","query_used","confirmed"
"M001","podcast","Intercom The Ticket","The Ticket: AI integration lessons from ScreenCloud","unknown","https://www.intercom.com/blog/videos/the-ticket-harry-spence-screencloud-ai-integration/","Harry Spence; Bobby Stapleton (host, Intercom)","Director of Customer Support","ScreenCloud","SaaS","customer support/CX","no","unknown","The Ticket Intercom podcast director of customer support AI agent episode","yes"
"M002","podcast","Intercom The Ticket","The Ticket: Moment of truth","unknown","https://www.intercom.com/blog/videos/the-ticket-fin-ai-copilot-in-practice/","Bobby Stapleton; Declan Ivory","Senior Director of Human Support; VP of Customer Support","Intercom","SaaS","customer support/CX","yes","unknown","The Ticket Intercom podcast director of customer support AI agent episode","yes"
"M003","podcast","Operations with Sean Lane","Accelerating Commercial Performance through AI with NVIDIA's Kelly Goles","2025-02-28","https://podcastaddict.com/operations-with-sean-lane/episode/218503137","Kelly Goles; Sean Lane (host)","Manager, Revenue Marketing Operations","NVIDIA","semiconductor manufacturer","sales, RevOps and go-to-market","no","unknown","Kelly Goles NVIDIA Operations podcast AI commercial performance","yes"
"M004","podcast","RevOps Lab","#114 Running RevOps on AI Workflows & Agents","2026-04-06","https://podcasts.apple.com/us/podcast/114-running-revops-on-ai-workflows-agents-with-eric/id1714314767?i=1000759461096&uo=4","Eric Portugal Welsh","Head of RevOps","PlanetScale","SaaS","sales, RevOps and go-to-market","no","unknown","RevOps leader AI agents interview podcast episode 2025","yes"
"M005","podcast","RevOpsAF The Podcast","unknown (episode with Brandon Bussey on AI in go-to-market teams; exact title not shown)","unknown (listed June 26, year not shown)","https://podcasts.apple.com/co/podcast/revopsaf-the-podcast/id1761200098?l=en-GB","Brandon Bussey","VP of Revenue Operations","Advantive","software","sales, RevOps and go-to-market","no","unknown","RevOps leader AI agents interview podcast episode 2025","partial"
"M006","podcast","The RevOps Review","unknown (episode with Nikko Georgantonis on AI MEDDPICC inspection agents; exact title not shown)","unknown (listed May 1, year not shown)","https://podcasts.apple.com/us/podcast/the-revops-review/id1695566730","Nikko Georgantonis","Head of Revenue Systems","Hightouch","SaaS","sales, RevOps and go-to-market","no","unknown","RevOps leader AI agents interview podcast episode 2025","partial"
"M007","podcast","unknown (Apple Podcasts show id1529443371)","#235 How AI Is Transforming Accounts Receivable with Ben Winter, Co-Founder, Stuut and Jeff Martini, CFO, Bishop Lifting","unknown","https://podcasts.apple.com/gb/podcast/235-how-ai-is-transforming-accounts-receivable-with/id1529443371?i=1000710050445","Jeff Martini; Ben Winter (vendor co-guest, Stuut)","CFO","Bishop Lifting","industrial distributor","finance","no","unknown","accounts payable manager AI automation podcast episode","yes"
"M008","podcast","SkyStem podcast","Month-End Close Automation with Linda Harris (Ichor Systems)","unknown","https://www.skystem.com/podcasts/month-end-close-automation-with-linda-harris/","Linda Harris; Nancy Wu (SkyStem)","Assistant Controller","Ichor Systems","manufacturer","finance","no","unknown","corporate controller month-end close AI agents podcast interview","yes"
"M009","podcast","SkyStem podcast","A Controller's Journey into Month-End Close Automation","unknown","https://www.skystem.com/podcasts/a-controllers-journey-into-month-end-close-automation-aquarion/","Deb Kirven","Corporate Controller","Aquarion","utility","finance","no","unknown","corporate controller month-end close AI agents podcast interview","yes"
"M010","podcast","FP&A Today","unknown (episode with Connagh Hopkins; topics include AI in finance)","unknown","https://fpatoday.podbean.com","Connagh Hopkins","Head of Business Planning and Reporting","Western Power","utility","finance","no","unknown","FP&A Today podcast head of FP&A AI agents episode","partial"
"M011","podcast","The Human Element: CHRO & HR Leadership Podcast","Teach a man to fish: HR AI adoption strategy that sticks","2026-06-26","https://www.audible.co.uk/podcast/The-Human-Element-CHRO-HR-Leadership-Podcast/episodes/B0GXWPPTJX","Jennifer Erfurth; Barb Bidan (host)","Global Head of HR","OPSWAT","cybersecurity software","HR and people ops","no","unknown","""The Human Element"" podcast Jennifer Erfurth OPSWAT BambooHR AI agents","yes"
"M012","podcast","The Human Element: CHRO & HR Leadership Podcast","unknown (episode with Heather Oxley on deploying AI across the talent life cycle)","unknown","https://podcasts.apple.com/in/podcast/the-human-element-chro-hr-leadership-podcast/id1845853738","Heather Oxley; Barb Bidan (host)","CHRO","Perficient","IT services","HR and people ops","no","unknown","CHRO interview AI agents HR team workforce podcast episode 2025","partial"
"M013","podcast","The Work Blueprint","unknown (episode with Michael Fraccaro on AI adoption as a leadership problem)","unknown","https://podcasts.apple.com/us/podcast/the-work-blueprint/id1840299580","Michael Fraccaro; Siobhan Savage (host)","former CHRO","Mastercard","payments","HR and people ops","no","unknown","CHRO interview AI agents HR team workforce podcast episode 2025","partial"
"M014","podcast","Art of Procurement","Procurement Should Be a Safe Pair of Hands in a Complex World","unknown","https://artofprocurement.com/blog/podcast-procurement-should-be-a-safe-pair-of-hands-in-a-complex-world","Frank McKay","Chief Supply Chain & Procurement Officer","Jabil","manufacturer","procurement","no","unknown","Art of Procurement podcast Jabil Frank Mckay; Hexion Gaël De Martelaere; SLB Jeffrey Ostrander agentic","yes"
"M015","podcast","Art of Procurement","The Agentic Procurement Diaries: The Work-Work Balance: Building an Agentic Supply Chain at SLB","2026-09-30","https://artofprocurement.com/blog/podcast-the-agentic-procurement-diaries-the-work-work-balance-building-an-agentic-supply-chain-at-slb","Jeffrey Ostrander","unknown (supply chain/procurement leader)","SLB","energy services","procurement","no","unknown","Art of Procurement podcast Jabil Frank Mckay; Hexion Gaël De Martelaere; SLB Jeffrey Ostrander agentic","yes"
"M016","podcast","Art of Procurement","unknown (Ep. 876, Gaël De Martelaere on rebuilding foundations for AI)","unknown","https://podcasts.apple.com/us/podcast/art-of-procurement/id1055764100","Gaël De Martelaere","CPO","Hexion","chemicals manufacturer","procurement","no","unknown","chief procurement officer AI agents procurement team podcast episode","partial"
"M017","podcast","The Future of Procurement","unknown (special episode with CPOs from Nestlé, Kraft Heinz and Heineken on agentic AI)","unknown","https://podcasts.apple.com/ug/podcast/the-future-of-procurement/id1764078646","unknown (CPOs of Nestlé, Kraft Heinz, Heineken)","CPO","Nestlé; Kraft Heinz; Heineken","consumer goods manufacturer","procurement","no","unknown","chief procurement officer AI agents procurement team podcast episode","partial"
"M018","podcast","Meeting of the Minds - The Legal AI Podcast","unknown (episode with Alex Herrity, adidas legal operations)","2026-02-02","https://podcastaddict.com/episode/https%3A%2F%2Fmcdn.podbean.com%2Fmf%2Fweb%2Fg36gamsugtprle9j%2Fw0v40j4w.mp3&podcastId=6964351","Alex Herrity; Hal Marcus (host); Memme Onwudiwe (host)","Legal Operations Leader","adidas","sportswear manufacturer/retailer","legal and legal ops","no","unknown","""Meeting of the Minds"" legal AI podcast adidas Alex Herrity Coinbase Olivier Plummer Workday legal","partial"
"M019","podcast","Meeting of the Minds - The Legal AI Podcast","unknown (episode with Olivier Plummer on contract intelligence and AI agents)","unknown","https://podcastaddict.com/podcast/6964351","Olivier Plummer; Hal Marcus (host); Memme Onwudiwe (host)","Program Manager, Legal Technology and Operational Excellence","Coinbase","crypto exchange","legal and legal ops","no","unknown","legal operations director AI podcast episode in-house legal team agents","partial"
"M020","podcast","Meeting of the Minds - The Legal AI Podcast","unknown (special edition: Workday Global Legal Services on deploying contract AI)","2025-03 (per Podimo listing)","https://podimo.com/es/shows/meeting-of-the-minds-the-legal-ai-podcast/episode/83c058d8-d6cf-4ff6-a90e-dc30484872d2","Greg Bennett; Kristi Johnson","Workday Global Legal Services","Workday","SaaS (vendor of Evisort contract AI)","legal and legal ops","yes","unknown","""Meeting of the Minds"" legal AI podcast adidas Alex Herrity Coinbase Olivier Plummer Workday legal","partial"
"M021","youtube","unknown","AI within the service desk environment - Jason Hamer","unknown (about a year before Oct 2026 per listing)","https://www.youtube.com/watch?v=_E4KIhQVPLE","Jason Hamer","unknown","unknown","unknown","IT, identity and security","no","captions","IT service desk director AI agents employee support case study talk","partial"
"M022","podcast","Technovation with Peter High","unknown (panel on AI-driven talent strategy with CIOs of TD Synnex, Zurich North America, Western Digital)","2025-07 (per listing)","https://podcasts.apple.com/ca/podcast/technovation-with-peter-high-cio-cto-cdo-cxo-interviews/id296392049","Kristie Grinnell; Madhu Ramamurthy; Sesh Tirumala; Peter High (host)","CIO","TD Synnex; Zurich North America; Western Digital","distributor; insurer; manufacturer","IT, identity and security","no","unknown","Technovation Peter High CIO AI agents episode 2025","partial"
"M023","podcast","Technovation with Peter High","unknown (interview with Shamim Mohammad on agentic AI)","unknown","https://podcasts.apple.com/ca/podcast/technovation-with-peter-high-cio-cto-cdo-cxo-interviews/id296392049","Shamim Mohammad; Peter High (host)","EVP and Chief Information and Technology Officer","CarMax","retailer","IT, identity and security","no","unknown","Technovation Peter High CIO AI agents episode 2025","partial"
"M024","podcast","Technovation with Peter High","unknown (interview with Jennifer Hartsock on Cargill digital strategy)","2025-06 (per listing)","https://podcasts.apple.com/ca/podcast/technovation-with-peter-high-cio-cto-cdo-cxo-interviews/id296392049","Jennifer Hartsock; Peter High (host)","Chief Information and Digital Officer","Cargill","agribusiness","IT, identity and security","no","unknown","Technovation Peter High CIO AI agents episode 2025","partial"
"M025","podcast","AI Security Podcast","Buy vs. Build AI Security: Why Box.com CISO is Creating their Own Agentic SOC","unknown","https://podcasts.apple.com/us/podcast/ai-security-podcast/id1711183470","Heather Ceylan","CISO","Box","SaaS","IT, identity and security","no","unknown","CISO security operations team AI agents SOC analysts podcast episode practitioner","partial"
"M026","podcast","Security Weekly (SC World)","Box CISO Heather Ceylan on using AI to combat intelligent cyber threats","2025-10 (Oktane 2025 segment, per URL)","https://www.scworld.com/podcast-segment/14350-box-ciso-heather-ceylan-on-using-ai-to-combat-intelligent-cyber-threats-heather-ceylan-okt25-2","Heather Ceylan","CISO","Box","SaaS","IT, identity and security","no","unknown","""Box.com CISO"" agentic SOC Heather Ceylan Buy vs Build","yes"
"M027","podcast","The New CISO","unknown (Smartsheet segment on deploying agentic AI across the enterprise incl. SOC triage)","unknown","https://podcasts.apple.com/us/podcast/the-new-ciso/id1460075361","Ravi Soin; Steve Moore (host)","CIO and CISO","Smartsheet","SaaS","IT, identity and security","no","unknown","CISO security operations team AI agents SOC analysts podcast episode practitioner","partial"
"M028","podcast","Leaders in Finance Compliance Podcast","unknown (Dutch-language episode asking whether an AI agent can replace the compliance department)","2026-09 (about a month before Oct 2026, per listing)","https://podcasts.apple.com/us/podcast/leaders-in-finance-compliance-podcast-ervaringen-van/id1497784652","Tom van de Laar; Pieter van Doorn (Deloitte partner)","Chief Compliance Officer","Rabobank","bank","risk and compliance","no","unknown","chief compliance officer AI agents compliance team bank podcast episode","partial"
"M029","podcast","The CAIO Connect Podcast","unknown (episode with Ron Whitener recorded live at AI4 2026)","2026 (per listing)","https://podcasts.apple.com/us/podcast/the-caio-connect-podcast-chief-ai-officer-connect-podcast/id1749085722","Ron Whitener","Chief Privacy Officer","Truist Financial","bank","risk and compliance","no","unknown","chief compliance officer AI agents compliance team bank podcast episode","partial"
"M030","podcast","RegulatingAI Podcast","AI in Banking: Governance, Risk & Agentic AI","2026 (recorded at AI4 2026, per listing)","https://podcasts.apple.com/be/podcast/ai-in-banking-governance-risk-agentic-ai-alina-rivilis/id1714410167?i=1000781155433","Alina Rivilis","unknown","Fairstone Bank","bank","risk and compliance","no","unknown","chief compliance officer AI agents compliance team bank podcast episode","yes"
"M031","podcast","We Built What?","unknown (episode with Vinay Perneti on Augment becoming AI native)","2026 (about 140 days before Oct 2026, per listing)","https://podcasts.apple.com/us/podcast/we-built-what/id1895262531","Vinay Perneti; Emma Webb (host)","VP of Engineering","Augment Code","SaaS (coding agent vendor)","engineering and platform","yes","unknown","VP engineering how our engineering team works with coding agents podcast episode 2025 2026","partial"
"M032","podcast","AI Engineering Podcast","unknown (episode with Niklas Gustavsson on scaling agentic coding across engineering)","unknown","https://podcasts.apple.com/us/podcast/ai-engineering-podcast/id1626358243","Niklas Gustavsson","Chief Architect","Spotify","streaming media","engineering and platform","no","unknown","VP engineering how our engineering team works with coding agents podcast episode 2025 2026","partial"
"M033","podcast","Chain of Thought","unknown (episode with Jaime DeLanghe on engineering culture when a team steers the same coding agent)","unknown","https://podcasts.apple.com/us/podcast/chain-of-thought-ai-agents-infrastructure-engineering/id1776879655","Jaime DeLanghe","CPO","Slack","SaaS","engineering and platform","no","unknown","VP engineering how our engineering team works with coding agents podcast episode 2025 2026","partial"
"M034","youtube","unknown","Agents@Work — How Enterprise Teams Deploy AI Agents in Production","unknown","https://www.youtube.com/watch?v=yjDoB719yx4","unknown (operators from Canva, KPMG, Autodesk, Lightspeed)","unknown","Canva; KPMG; Autodesk; Lightspeed","SaaS; professional services","general operations leadership (COO)","no","captions","COO interview AI agents operations team how work changed","partial"
"M035","youtube","unknown","60% Faster Time-to-Interview: Transforming Hiring with AI Agents with LangChain","unknown","https://www.youtube.com/watch?v=LUemJGG2k4c","unknown","unknown","unknown","unknown","HR and people ops","no","captions","COO interview AI agents operations team how work changed","partial"
"M036","youtube","Salesforce","Increase Customer Service Efficiency with Agentforce","unknown","https://www.youtube.com/watch?v=ZeoqBfSYuOY","unknown (Salesforce)","unknown","Salesforce","SaaS (agent vendor, own support org)","customer support/CX","yes","captions","Agentforce customer story head of customer service how our team changed Dreamforce session","partial"
"M037","youtube","LangChain","Observing And Testing CX Agents","2025 (Interrupt 2025, per search summary)","https://www.youtube.com/watch?v=AqU_WyOdEyo","Carlos Pereira","unknown (Customer Experience team)","Cisco","networking manufacturer","customer support/CX","no","captions","LangChain Interrupt 2025 talk agents in production company engineering team","yes"
"M038","youtube","LangChain","How BlackRock Built Production AI Agents for Asset Management with LangGraph","unknown","https://youtube.com/watch?amp=&amp=&amp=&v=oyqeCHFM5U4","unknown (BlackRock AI engineering team)","unknown","BlackRock","asset manager","engineering and platform","no","captions","LangChain Interrupt 2025 talk agents in production company engineering team","partial"
"M039","youtube","unknown","AI Agents in Finance with HPE's Chief Financial Officer (CFO)","unknown","https://www.youtube.com/watch?v=ihG5aqe9boY&vl=en","Marie Myers","CFO","Hewlett Packard Enterprise","IT hardware manufacturer","finance","no","captions","controller CFO customer story AI accounting agents close finance team video","yes"
"M040","youtube","unknown","HPE's CFO: Making Agentic AI Work in Finance","unknown","https://www.youtube.com/watch?v=KjIdAY8x0vc","Marie Myers","CFO","Hewlett Packard Enterprise","IT hardware manufacturer","finance","no","captions","controller CFO customer story AI accounting agents close finance team video","yes"
"M041","podcast","Customer Support Leaders","unknown (episode with Reagan Helms on using AI in management)","unknown","https://podcasts.apple.com/am/podcast/customer-support-leaders/id1493078157","Reagan Helms","VP of Customer Experience","Planning Center","SaaS","customer support/CX","no","unknown","VP of support episode AI agent resolution rate support team restructure podcast","partial"
"M042","podcast","CX Innovators","unknown (episode with Matt Ferguson on rebuilding support teams)","unknown","https://podcasts.apple.com/ca/podcast/cx-innovators/id1802013962","Matt Ferguson","VP of Global Customer Service and Product Support","Mitel","communications technology","customer support/CX","no","unknown","VP of support episode AI agent resolution rate support team restructure podcast","partial"
"M043","podcast","Eye On A.I.","unknown (title claims AI Is Already Resolving 90% of Customer Service Tickets)","unknown","https://podcasts.apple.com/gb/podcast/eye-on-a-i/id1438378439","Shashi Upadhyay","unknown","Zendesk","SaaS (CX agent vendor)","customer support/CX","yes","unknown","VP of support episode AI agent resolution rate support team restructure podcast","partial"
"M044","youtube","BizClik","Coupa Inspire 2026","2026","https://www.youtube.com/watch?v=nYpos_hR1WA","Miriam O'Connor","VP of Procurement","Coupa","SaaS (procurement agent vendor, own procurement team)","procurement","yes","captions","procurement director customer session AI agents intake-to-procure Zip Coupa Inspire 2025","yes"
"M045","podcast","ThinkBusiness.ie","Episode 338 - Paul Kearns, CFO, Kefron","unknown","https://www.buzzsprout.com/726882/episodes/19334991-episode-338-paul-kearns-cfo-kefron?t=0","Paul Kearns","CFO (listed as CEO in search summary)","Kefron","AP automation/outsourcing vendor","finance","yes","unknown","accounts payable director podcast episode AI invoice processing team roles 2025","partial"
"M046","podcast","CFO Thought Leader","unknown (episode 1200, Mark Khavkin on judging AI by what it enables)","unknown","https://podcasts.apple.com/bh/podcast/cfo-thought-leader/id832481615","Mark Khavkin","CFO","Rula","healthcare services","finance","no","unknown","CFO Thought Leader podcast episode agentic AI finance team 2025 2026","partial"
"M047","podcast","CFO Thought Leader","unknown (episode 1202, Samantha Greenberg on allocating capital in an age of AI)","unknown","https://podcasts.apple.com/bh/podcast/cfo-thought-leader/id832481615","Samantha Greenberg","CFO","AlphaSense","SaaS","finance","no","unknown","CFO Thought Leader podcast episode agentic AI finance team 2025 2026","partial"
"M048","podcast","CFO Weekly","Agentic AI and the Future of the Deterministic CFO with Patrick Villanova, CFO at BlackLine","2026-03-03","https://podwise.ai/episodes/7368184","Patrick Villanova","CFO","BlackLine","SaaS (finance automation vendor)","finance","yes","unknown","CFO Thought Leader podcast episode agentic AI finance team 2025 2026","partial"
"M049","youtube","Google Cloud","How HSBC/Banco Bradesco are transforming money laundering risk detection with Google Cloud's AML AI","unknown (about 1,000 days before Oct 2026 per listing; may predate 2024)","https://www.youtube.com/watch?v=Cmj9bESi2To","unknown (HSBC and Banco Bradesco representatives)","unknown","HSBC; Banco Bradesco","bank","risk and compliance","no","captions","head of financial crime operations KYC AML analysts AI agents bank interview video","partial"
"M050","podcast","Actuarial Talk","Actuarial Talk: Anthony Williams on careers, interviews, and advice for his younger self","2025-06 (per search summary)","https://www.siriuspt.com/actuarial-talk-anthony-williams-on-careers-interviews-and-advice-for-his-younger-self","Anthony Williams","Chief Risk Officer","SiriusPoint International","insurer","risk and compliance","no","unknown","chief risk officer interview AI agents risk function operations insurer bank 2025 podcast episode","yes"
"M051","podcast","unknown (Pocket Casts listing)","Episode 319 Deep Dive: Paul O'Rourke | The New Function Of A CRO And What This Actually Means","unknown (June, year not shown)","https://pocketcasts.com/podcasts/441bdff0-10b7-013b-058a-0acc26574db2/0c66e665-80a0-4100-a4cb-10b9803207db","Paul O'Rourke","Chief Risk Officer","Tabcorp","wagering/gaming","risk and compliance","no","unknown","chief risk officer interview AI agents risk function operations insurer bank 2025 podcast episode","yes"
"M052","podcast","Risk Management Show","unknown (URL slug: ai-risk-management-protect-your-company-before-its-too-late-with-alec-crawford)","2025-10 (per search summary)","https://sites.libsyn.com/284192/ai-risk-management-protect-your-company-before-its-too-late-with-alec-crawford","Alec Crawford","Cofounder (former Chief Risk Officer)","Artificial Intelligence Risk Inc","AI risk software vendor","risk and compliance","yes","unknown","chief risk officer interview AI agents risk function operations insurer bank 2025 podcast episode","partial"
"M053","podcast","The Human Element: CHRO & HR Leadership Podcast","unknown (episode with Q Hamirani on treating AI as a teammate you onboard)","unknown","https://podcasts.apple.com/cy/podcast/the-human-element-chro-hr-leadership-podcast/id1845853738","Q Hamirani; Barb Bidan (host)","Chief People Officer","HighLevel","SaaS","HR and people ops","no","unknown","chief people officer podcast episode ""AI agents"" HR team recruiting onboarding how we use them","partial"
"M054","podcast","The Human Element: CHRO & HR Leadership Podcast","unknown (Illumio episode: people team each building and naming their own agent)","unknown","https://podcasts.apple.com/cy/podcast/the-human-element-chro-hr-leadership-podcast/id1845853738","L. David Kingsley; Barb Bidan (host)","unknown (people leader)","Illumio","cybersecurity software","HR and people ops","no","unknown","chief people officer podcast episode ""AI agents"" HR team recruiting onboarding how we use them","partial"
"M055","podcast","The Human Element: CHRO & HR Leadership Podcast","unknown (episode with Kyle Roed on AI-generated SOPs at a global manufacturer)","unknown","https://podcasts.apple.com/cy/podcast/the-human-element-chro-hr-leadership-podcast/id1845853738","Kyle Roed; Barb Bidan (host)","CHRO","CPM Holdings","manufacturer","HR and people ops","no","unknown","chief people officer podcast episode ""AI agents"" HR team recruiting onboarding how we use them","partial"
"M056","podcast","The McKinsey Podcast","Productivity first: AI and the COO agenda","2025 (about 324 days before Oct 2026, per listing)","https://open.spotify.com/episode/0xIzHeDvQRAzAzdJ92wHoj","unknown (McKinsey)","unknown","McKinsey & Company","consultancy","general operations leadership (COO)","yes","unknown","chief operating officer podcast episode AI agents running operations company 2025 2026","partial"
"M057","podcast","CXOInsights by CXOCIETY","PodChats for FutureCOO: The New Operating Agenda for Asia's COOs in 2026","unknown (2026 series)","https://www.buzzsprout.com/1041739/episodes/18404612-podchats-for-futurecoo-the-new-operating-agenda-for-asia-s-coos-in-2026","unknown","COO (per series name)","unknown","unknown","general operations leadership (COO)","no","unknown","""COO"" interview ""AI agents"" back office operations company we deployed lessons youtube 2025","partial"
"M058","podcast","The New Automation Mindset","unknown (Trimble episode on GenAI-powered agents across design, product development and internal workflows)","unknown","https://podcasts.apple.com/us/podcast/the-new-automation-mindset-ai-automation-integration/id1716991903","Aviad Almagor; Markus Zirn (host)","VP of Technology Innovation","Trimble","industrial technology manufacturer","general operations leadership (COO)","no","unknown","head of business operations strategy and operations lead AI agents automating internal workflows podcast episode","partial"
"M059","podcast","Beyond The Pilot: Enterprise AI in Action","unknown (episode on Shopify's internal agent, River)","unknown","https://podcasts.apple.com/us/podcast/beyond-the-pilot-enterprise-ai-in-action/id1839285239","unknown (Shopify)","unknown","Shopify","commerce SaaS","engineering and platform","no","unknown","head of business operations strategy and operations lead AI agents automating internal workflows podcast episode","partial"
"M060","youtube","Crafty Counsel","Insight into how an in-house legal team is using AI","2025-01 (about 638 days before Oct 2026, per listing)","https://www.youtube.com/watch?v=4pkx87y2r8Y","unknown (in-house legal team)","unknown","unknown","unknown","legal and legal ops","no","captions","general counsel in-house legal team using AI agents contracts interview video 2025 2026","partial"
"M061","youtube","Crafty Counsel","Practical uses of AI for in-house legal teams","unknown","https://www.youtube.com/watch?v=XJJ4zjbcKa0","unknown","unknown","unknown","unknown","legal and legal ops","no","captions","general counsel in-house legal team using AI agents contracts interview video 2025 2026","partial"
"M062","youtube","Ironclad","Virtual Roundtable: State of AI in Legal in 2025","2025","https://www.youtube.com/watch?v=J1BZeOUf8U0","Jasmine Singh (moderator, Ironclad GC); unnamed leaders from Google DeepMind, Perkins Coie, Intuit","General Counsel (moderator); in-house legal leaders","Ironclad; Google DeepMind; Perkins Coie; Intuit","SaaS; law firm; software","legal and legal ops","no","captions","general counsel in-house legal team using AI agents contracts interview video 2025 2026","partial"
"M063","youtube","unknown","5-Step Framework for Scaling Up Your Coding Agents — Kiet Ho, Superset","unknown","https://www.youtube.com/watch?v=ORc7-DeCp2o","Kiet Ho","unknown","Superset","coding agent vendor","engineering and platform","yes","captions","engineering manager talk how our developer platform team adopted coding agents at scale internal lessons","yes"
"M064","podcast","Dev Interrupted","unknown (URL slug: your-engineers-need-an-ai-control-plane-not-more-tools-guild-ai-s-james-everingham)","2026 (per search summary)","https://devinterrupted.buzzsprout.com/1422892/episodes/18820118-your-engineers-need-an-ai-control-plane-not-more-tools-guild-ai-s-james-everingham","James Everingham; Andrew Zigler (host)","CEO (former Head of Dev Infra at Meta)","guild.ai","agent infrastructure vendor","engineering and platform","yes","unknown","Dev Interrupted podcast VP engineering AI agents team workflow episode 2026","partial"
"M065","podcast","Dev Interrupted","unknown (episode with Loic Houssier on organic AI adoption on a skeptical engineering team)","unknown","https://podcasts.apple.com/ly/podcast/dev-interrupted/id1537003676?l=ar","Loic Houssier","Head of Engineering","Superhuman","SaaS","engineering and platform","no","unknown","Dev Interrupted podcast VP engineering AI agents team workflow episode 2026","partial"
"M066","youtube","unknown","How to Automate Customer Service with AI: A Success Story with TeamSystem","unknown","https://www.youtube.com/watch?v=XYV6Z4i3zys","unknown (TeamSystem)","unknown","TeamSystem","business software","customer support/CX","no","captions","""head of customer care"" OR ""VP of customer care"" AI agent rollout interview video","partial"
"M067","podcast","CXOTalk","Zendesk CEO on AI in Customer Experience: What Works, What Doesn't, and What's Next","2025 (episode 886, per search summary)","https://www.cxotalk.com/episode/zendesk-ceo-on-ai-in-customer-experience-what-works-what-doesnt-and-whats-next","Tom Eggemeier; Michael Krigsman (host)","CEO","Zendesk","SaaS (CX agent vendor)","customer support/CX","yes","page","CXOTalk episode AI agents enterprise practitioner chief officer transcript 2025","yes"
"M068","podcast","CXOTalk","Palo Alto Networks EVP: Securing AI Agents in the Enterprise","2026 (episode 926, per search summary)","https://www.cxotalk.com/episode/palo-alto-networks-evp-securing-ai-agents-in-the-enterprise","Anand Oswal; Michael Krigsman (host)","EVP","Palo Alto Networks","security vendor","IT, identity and security","yes","page","CXOTalk episode AI agents enterprise practitioner chief officer transcript 2025","yes"
"M069","podcast","CXOTalk","CIO Survival: Lessons from AI Early Adopters in the Enterprise","2025-02 (episode 869)","https://www.cxotalk.com/episode/cio-ai-lessons-from-early-adopters-in-the-enterprise","Tim Crawford; Isaac Sacolick; Michael Krigsman (host)","CIO advisors","independent advisory firms","consultancy","IT, identity and security","yes","page","CXOTalk episode AI agents enterprise practitioner chief officer transcript 2025","yes"
"M070","podcast","CXOTalk","IBM Consulting: The CIO Agenda for AI","2026 (episode 924, per search summary)","https://www.cxotalk.com/episode/ibm-consulting-cios-new-agenda-for-ai","Andy Baldwin; Michael Krigsman (host)","unknown","IBM Consulting","consultancy","IT, identity and security","yes","page","CXOTalk episode AI agents enterprise practitioner chief officer transcript 2025","yes"
"M071","podcast","CXOTalk","Agentic AI in Financial Services: Former UBS and SAP Group CIO","unknown","https://www.cxotalk.com/episode/agentic-ai-in-financial-services-former-ubs-and-sap-group-cio","Oliver Bussmann; Michael Krigsman (host)","former Group CIO","UBS; SAP (former)","bank","risk and compliance","yes","page","CXOTalk CIO of company deploys AI agents employees operations interview","yes"
"M072","youtube","SaaStr","We replaced our sales team with 20 AI agents—here's what happened next","unknown","https://www.youtube.com/watch?v=I-R1bc1rlFs","unknown (described as the founder of SaaStr)","Founder","SaaStr","media and events company","sales, RevOps and go-to-market","no","captions","sales operations leader AI SDR agents our sales team changed interview video practitioner 2025","partial"
"M073","youtube","SaaStr","SaaStr's Top 10+ AI Agents: AI SDR, AI BDR, AI RevOps + More: The How, The Who, The Why","unknown","https://www.youtube.com/watch?v=D1NbIiaoWdI","unknown (SaaStr)","unknown","SaaStr","media and events company","sales, RevOps and go-to-market","no","captions","sales operations leader AI SDR agents our sales team changed interview video practitioner 2025","partial"
"M074","podcast","AI and the Future of Law","How AI Is Reshaping In-House Legal Teams with Nick Fleisher","2026-07-07 (per listing)","https://podcasts.apple.com/au/podcast/how-ai-is-reshaping-in-house-legal-teams-with-nick-fleisher/id1751625159?i=1000775753730","Nick Fleisher","Co-founder and CEO","Sandstone","legal AI vendor","legal and legal ops","yes","unknown","legal operations manager podcast episode 2025 AI intake triage in-house team company guest ""legal ops""","yes"
"M075","podcast","Meeting of the Minds - The Legal AI Podcast","unknown (2025 episode with Brooks Hall on adopting AI with human oversight)","2025 (per search summary)","https://podcasts.apple.com/us/podcast/meeting-of-the-minds-the-legal-ai-podcast/id1741521307","Brooks Hall; Hal Marcus (host); Memme Onwudiwe (host)","Legal Operations Manager","Human Interest","fintech (retirement plans)","legal and legal ops","no","unknown","legal operations manager podcast episode 2025 AI intake triage in-house team company guest ""legal ops""","partial"
"M076","podcast","Modern Business Operations: AI, Automation, Legal, Procurement, IT, and Ops","The Second-Order Impact of AI on Legal Operations (title truncated in listing; completed from URL)","2025-11-05","https://podcasts.apple.com/us/podcast/the-second-order-impact-of-ai-on-legal-operations/id1595791657?i=1000735377193","Gabriel Buigas","unknown","Integreon","legal services provider","legal and legal ops","yes","unknown","legal operations manager podcast episode 2025 AI intake triage in-house team company guest ""legal ops""","partial"
"M077","podcast","CRO Spotlight","How Salesforce is Approaching the AI CRM Transformation with Kris Billmaier","2026-05-27","https://podcastaddict.com/episode/https%3A%2F%2Fmedia.transistor.fm%2Fd1060da4%2F6115c092.mp3&podcastId=4166314","Kris Billmaier; Warren Zenna (host)","EVP and GM, Agentforce Sales","Salesforce","SaaS (sales agent vendor)","sales, RevOps and go-to-market","yes","unknown","""Head of Revenue Operations"" AI agents episode podcast CRM team 2026","yes"
"M078","youtube","RevOps Co-op","Building AI Agents for RevOps: From Data Hygiene to Deal Insights","unknown","https://www.youtube.com/watch?v=sqkwAK8oxmI","Matthew Volm (host); guest unknown","unknown","unknown","unknown","sales, RevOps and go-to-market","no","captions","revenue operations director talk AI agents pipeline CRM hygiene conference session RevOps team","partial"
"M079","youtube","The RevOps Review","The RevOps Review","unknown (recorded after the RevOps AF Conference)","https://www.youtube.com/watch?v=vI9xn64joxE","Jeff Ignacio","unknown","unknown","unknown","sales, RevOps and go-to-market","no","captions","revenue operations director talk AI agents pipeline CRM hygiene conference session RevOps team","partial"
"M080","youtube","unknown","Fireside Chat: Human-Machine Teaming Transforming Federal Operations","unknown","https://www.youtube.com/watch?v=L3-ieW_DwT8","unknown","unknown","unknown (US federal government)","public sector","general operations leadership (COO)","no","captions","COO fireside chat ""AI agents"" operations team company reorganized frontline ops 2026","partial"
"M081","podcast","The AI in Business Podcast (Emerj)","The Future of Customer Experience in Financial Services with Agentic AI - with Abhii Parakh of Prudential Financial","unknown","https://podcast.emerj.com/the-future-of-customer-experience-in-financial-services-with-agentic-ai-with-abhii-parakh-of-prudential-financial","Abhii Parakh; Daniel Faggella (host)","VP and Head of Customer Experience","Prudential Financial","insurer","customer support/CX","no","unknown","Emerj AI in Business podcast agentic AI head of operations bank insurer episode 2025","yes"
"M082","podcast","The AI in Business Podcast (Emerj)","Responsible AI That Scales Across Customer Workflows - with Miranda Jones of Emprise Bank","unknown","https://podcast.emerj.com/responsible-ai-that-scales-across-customer-workflows-with-miranda-jones-of-emprise-bank","Miranda Jones; Daniel Faggella (host)","SVP of Data & AI Strategy","Emprise Bank","bank","customer support/CX","no","unknown","Emerj AI in Business podcast agentic AI head of operations bank insurer episode 2025","yes"
"M083","podcast","The AI in Business Podcast (Emerj)","Breaking Complexity in Banking Risk Operations With AI - with Nathaniel Bell of Wells Fargo","unknown","https://podcast.emerj.com/breaking-complexity-in-banking-risk-operations-with-ai-with-nathaniel-bell-of-wells-fargo","Nathaniel Bell; Daniel Faggella (host)","Data Management Director","Wells Fargo","bank","risk and compliance","no","unknown","Emerj AI in Business podcast agentic AI head of operations bank insurer episode 2025","yes"
"M084","podcast","The AI in Business Podcast (Emerj)","Where Agentic AI Pays Off in the B2B Back Office - with Chris Bradley of Veritiv","2026-09 (about 39 days before Oct 2026, per listing)","https://podcast.emerj.com/where-agentic-ai-pays-off-in-the-b2b-back-office-with-chris-bradley-of-veritiv","Chris Bradley; Daniel Faggella (host)","unknown","Veritiv","B2B distributor","general operations leadership (COO)","no","unknown","Emerj AI in Business podcast agentic AI head of operations bank insurer episode 2025","yes"
"M085","podcast","The AI in Business Podcast (Emerj)","The Advantages of Agentic Process Automation in Financial Services - with Ken Mertzel of Automation Anywhere","2025 (early 2025 per search metadata, unconfirmed)","https://podcast.emerj.com/the-advantages-of-agentic-process-automation-in-financial-services-with-ken-mertzel","Ken Mertzel; Daniel Faggella (host)","Global Industry Leader, Financial Services (former Bank of America finance and operations executive)","Automation Anywhere","automation vendor","risk and compliance","yes","unknown","Emerj AI in Business podcast agentic AI head of operations bank insurer episode 2025","yes"
"M086","podcast","The AI in Business Podcast (Emerj)","Enabling Strategic Procurement with AI, From Frustration to Foresight - with Rob DeSantis of Arkestro","2025 (about a year before Oct 2026, per listing)","https://podcast.emerj.com/aiinbusiness/enabling-strategic-procurement-with-ai-from-frustration-to-foresight-with-rob-desantis-of-arkestro","Rob DeSantis; Daniel Faggella (host)","CEO and Co-founder","Arkestro","procurement AI vendor","procurement","yes","unknown","AI in Business Podcast agentic AI procurement finance operations leader episode","yes"
"M087","youtube","unknown","The AI Enabled Procurement Leader with Alan RankiN","2025 (late 2025 per listing, unconfirmed)","https://www.youtube.com/watch?v=E6OnlLElh7Y","Alan Rankin; Thomas Dove (host)","Chief Procurement Officer","Moderna","biotech","procurement","no","captions","CPO chief procurement officer interview agentic AI procurement team video 2025 2026","yes"
"M088","youtube","unknown","Keynote Address: The CHRO's AI imperative","unknown","https://www.youtube.com/watch?v=a_NAlr_PL98","Prem Singh","CHRO (per search summary)","JK Organisation","industrial conglomerate","HR and people ops","no","captions","CHRO keynote panel how our HR team works with AI agents digital workers video 2025 2026","yes"
"M089","youtube","unknown","Don't let AI happen to HR: How CHROs lead the transformation instead of chase it","unknown","https://www.youtube.com/watch?v=aM1oHnDwsSA","Amber Grewal; Susan Youngblood","unknown","unknown","unknown","HR and people ops","no","captions","CHRO keynote panel how our HR team works with AI agents digital workers video 2025 2026","partial"
"M090","youtube","From Day One","From Day One 2026 Seattle Panel: Future-Proof HR with AI: Lead, Adapt, Keep Human Touch Era","2026-04-28","https://www.youtube.com/watch?v=STUs9Z09cEE","unknown (panel)","unknown","unknown","unknown","HR and people ops","no","captions","CHRO keynote panel how our HR team works with AI agents digital workers video 2025 2026","partial"
